player,shots,goals,xg_total,goals_minus_xg,std_error,z_score,p_value,ci_low,ci_high,significant,p_value_fdr_bh,significant_fdr
Cody Mathès Gakpo,18,6,1.358226502052614,4.641773497947386,1.0902774969923013,4.257423922581577,2.0679599822770456e-05,2.5048688706879987,6.778678125206774,True,0.002005921182808734,True
Xherdan Shaqiri,29,6,2.2906849509738088,3.7093150490261912,1.3610754380525907,2.7252824827501345,0.006424649363057755,1.0416562102010363,6.376973887851346,True,0.20773032940553407,False
Kylian Mbappé Lottin,74,10,7.0281976464614475,2.9718023535385525,2.3038677194521267,1.2899188301684545,0.19707884210529203,-1.5436954017320454,7.48730010880915,False,0.8087280695606812,False
Denis Cheryshev,13,4,1.047035015991335,2.952964984008665,0.9484071558187045,3.1136047064718135,0.0018481691913427856,1.094121115923937,4.811808852093392,True,0.0896362057801251,False
Harry Kane,53,10,7.180362359060678,2.8196376409393222,2.2411835264725624,1.2581020731386505,0.20835484368203527,-1.573001353691371,7.212276635570015,False,0.8087280695606812,False
Bukayo Saka,15,4,1.3198111187254145,2.6801888812745855,1.0477538330705787,2.5580330003851612,0.010526610221932797,0.6266291037924594,4.733748658756712,True,0.25527029788187033,False
Patrik Schick,22,5,2.367637789780476,2.632362210219524,1.3854648981069315,1.8999847732095743,0.0574351178974295,-0.08309909191451759,5.347823512353566,False,0.537751101228605,False
Emil Peter Forsberg,28,4,1.691858350523602,2.308141649476398,1.2319120621277142,1.8736253344981937,0.06098208364448099,-0.10636162441439145,4.722644923367188,False,0.537751101228605,False
Ivan Perišić,51,6,3.7638296240635025,2.2361703759364975,1.7913399572580808,1.248322724492395,0.211912895467548,-1.2747914243568608,5.747132176229856,False,0.8087280695606812,False
Álvaro Borja Morata Martín,39,7,4.802321180790539,2.197678819209461,1.96735160329256,1.117074759555651,0.26396236153453967,-1.6582594681710887,6.053617106590011,False,0.8087280695606812,False
Ferrán Torres García,16,4,1.9665093505327467,2.0334906494672533,1.2109038000024852,1.6793164324557244,0.09309039011723197,-0.3398371872803101,4.406818486214817,False,0.6945975262593463,False
Salem Mohammed Al Dawsari,13,3,0.9967397285982157,2.003260271401784,0.9170039800402714,2.1845709669807634,0.028920318606253215,0.2059654968429656,3.8005550459606026,True,0.537751101228605,False
Youssef En-Nesyri,12,3,1.049675841474337,1.950324158525663,0.9650671125924796,2.020920755745647,0.04328796893964082,0.05882737518034187,3.841820941870984,True,0.537751101228605,False
Luka Modrić,21,3,1.0864357050008944,1.9135642949991056,0.984931210764305,1.9428405497620316,0.052035426802787166,-0.01686540534836145,3.8439939953465725,False,0.537751101228605,False
Haris Seferović,15,3,1.1184502751777858,1.8815497248222142,0.9922518234495037,1.8962421437343595,0.05792803279001024,-0.06322811273300943,3.826327562377438,False,0.537751101228605,False
Roman Yaremchuk,17,3,1.4247326032120848,1.5752673967879152,1.109829589754155,1.4193777236889693,0.15578892332508998,-0.5999586281070921,3.7504934216829224,False,0.8087280695606812,False
Mario Mandžukić,12,3,1.7793901472228284,1.2206098527771716,1.2020965857154673,1.015400814944238,0.3099148047514433,-1.1354561611637104,3.5766758667180536,False,0.8087280695606812,False
Andrej Kramarić,29,4,2.7817264833050914,1.2182735166949086,1.511567301417952,0.8059671015323538,0.4202618185538356,-1.7443439542926775,4.180890987682495,False,0.849279091660876,False
Lionel Andrés Messi Cuccittini,44,4,2.795156131830974,1.2048438681690259,1.575787597837435,0.7645978873183915,0.4445110275890072,-1.8836430708772331,4.293330807215285,False,0.8658273095903745,False
Breel-Donald Embolo,29,5,3.8144703445547474,1.1855296554452526,1.6829606303780584,0.7044310092856637,0.48116440041152475,-2.113012567494568,4.484071878385073,False,0.8975566699984211,False
Paul Pogba,15,2,0.8437355470532222,1.1562644529467778,0.8741375339891752,1.322748890177614,0.1859188990430991,-0.5570136312066629,2.8695425371002186,False,0.8087280695606812,False
Wahbi Khazri,17,3,1.8865776447196636,1.1134223552803364,1.1769839997750557,0.9459961694408189,0.3441505400018394,-1.193423894658672,3.420268605219345,False,0.8087280695606812,False
Lorenzo Insigne,19,2,0.9856900158057528,1.0143099841942473,0.9553426488267689,1.061723754759504,0.2883611119970011,-0.8581272004013163,2.886747168789811,False,0.8087280695606812,False
Kevin De Bruyne,35,3,1.9879464469091679,1.0120535530908321,1.3553206237676183,0.7467262988129351,0.45522879164029995,-1.6443260569980604,3.6684331631797247,False,0.8658273095903745,False
Marcus Rashford,16,3,2.0010252824444628,0.9989747175555372,1.2320774375801813,0.8108051386100688,0.4174775830637274,-1.4158526862660148,3.4138021213770893,False,0.849279091660876,False
Thomas Meunier,13,2,1.0362095010241823,0.9637904989758177,0.9387414661733003,1.026683633039699,0.30456945858267837,-0.8761089655181764,2.803689963469812,False,0.8087280695606812,False
Nicholas Williams Arthuer,12,2,1.0478984906860198,0.9521015093139802,0.9384868277116102,1.01450705667928,0.3103408639259517,-0.8872988729660225,2.791501891593983,False,0.8087280695606812,False
Joakim Mæhle,13,2,1.0622084468837107,0.9377915531162893,0.9576602373541223,0.97925288796293,0.32745504234451195,-0.9391880215238702,2.8147711277564484,False,0.8087280695606812,False
Federico Chiesa,24,2,1.1195584071663267,0.8804415928336733,1.0290209598058095,0.8556109420743235,0.392213015506659,-1.1364024277225522,2.897285613389899,False,0.849279091660876,False
Jamal Musiala,21,3,2.157835750002243,0.8421642499977571,1.332194091666731,0.6321633276004932,0.5272801578158239,-1.7688881900860869,3.453216690081601,False,0.9223074454443565,False
Niclas Füllkrug,17,4,3.1597889213309887,0.8402110786690113,1.426877728726234,0.5888458847970549,0.5559646621281571,-1.9564178799767205,3.636840037314743,False,0.9223074454443565,False
Denzel Dumfries,12,3,2.2953480169852516,0.7046519830147484,1.190744216070678,0.591774432749311,0.554001646074257,-1.6291637952831608,3.0384677613126576,False,0.9223074454443565,False
Fabián Ruiz Peña,18,2,1.3805453226469888,0.6194546773530112,1.0814395593273531,0.5728056385678244,0.5667763008590845,-1.5001279103854679,2.7390372650914903,False,0.9223074454443565,False
Heung-Min Son,23,2,1.4240407211484438,0.5759592788515562,1.117232634425754,0.5155231427227269,0.6061875019351322,-1.6137764469757259,2.765695004678838,False,0.9424533645873414,False
Ciro Immobile,18,2,1.4771329703056695,0.5228670296943305,1.1221716245487456,0.4659421235183958,0.6412569284821086,-1.6765489388940147,2.722282998282676,False,0.9424533645873414,False
Mikel Oyarzabal Ugarte,15,2,1.481206209261591,0.518793790738409,1.0953811118836039,0.47361944177246,0.6357713089252337,-1.628113737898894,2.665701319375712,False,0.9424533645873414,False
Raheem Sterling,26,4,3.593855923385256,0.40614407661474416,1.613535186464117,0.25171070331894263,0.801264683274028,-2.7563267766430455,3.568614929872534,False,0.9733659459549435,False
Luis Alberto Suárez Díaz,16,2,1.602233481584217,0.39776651841578303,1.156726012876391,0.3438727183342844,0.730942009704777,-1.8693748068025582,2.6649078436341243,False,0.9709412939091973,False
Bruno Miguel Borges Fernandes,24,2,1.6153503660738595,0.3846496339261405,1.0388145292199717,0.37027748756553047,0.7111757459626515,-1.6513894299619358,2.420688697814217,False,0.9709412939091973,False
Edinson Roberto Cavani Gómez,19,3,2.6331240851010422,0.36687591489895777,1.3777016067486558,0.26629562824186326,0.7900115397448599,-2.3333696157713724,3.067121445569288,False,0.9733659459549435,False
Carlos Henrique Casimiro,13,1,0.6872698508823861,0.3127301491176139,0.7889380797562413,0.3963937818976089,0.6918145525437258,-1.233560073236808,1.8590203714720355,False,0.9709412939091973,False
Andriy Yarmolenko,14,2,1.6900830925585333,0.3099169074414667,1.1685300003066046,0.26521947006936,0.7908403968709758,-1.9803598080140565,2.60019362289699,False,0.9733659459549435,False
Philippe Coutinho Correia,23,2,1.7039258963130617,0.2960741036869383,1.2195896849847694,0.24276533930396088,0.8081871876510931,-2.0942777547997595,2.6864259621736366,False,0.9733659459549435,False
Aurélien Djani Tchouaméni,18,1,0.7075718630297252,0.2924281369702748,0.813834516108806,0.3593213745325819,0.7193546860400724,-1.3026582039785672,1.8875144779191169,False,0.9709412939091973,False
Granit Xhaka,18,1,0.8602483908443088,0.13975160915569118,0.8924242421724237,0.15659772846991984,0.8755618928758564,-1.6093677644327105,1.8888709827440928,False,0.9991768646091868,False
Harry Maguire,25,2,1.8776482632868559,0.12235173671314414,1.2884429981995926,0.0949609232881179,0.9243458653074257,-2.4029501358908627,2.6476536093171514,False,0.9991768646091868,False
Hakim Ziyech,19,1,0.8902425075601477,0.10975749243985233,0.9120707645540903,0.12033879026208297,0.9042147771817686,-1.677868357438076,1.8973833423177806,False,0.9991768646091868,False
Toni Kroos,23,1,0.8968290628624181,0.10317093713758185,0.9246171579357481,0.11158233032135798,0.9111545828792611,-1.7090453919042674,1.915387266179431,False,0.9991768646091868,False
Steven Zuber,12,1,0.941265785118475,0.05873421488152497,0.9024587810608057,0.06508243491462863,0.9481083656864737,-1.710052493529572,1.8275209232926217,False,0.9991768646091868,False
João Félix Sequeira,18,1,0.9490381054693848,0.05096189453061517,0.9311712351696302,0.05472881099181668,0.9563545159020119,-1.774100189841537,1.8760239789027673,False,0.9991768646091868,False
John Stones,16,2,1.998777358534864,0.001222641465135954,1.1851350170036186,0.0010316474052274342,0.9991768646091868,-2.321599308679221,2.3240445916094927,False,0.9991768646091868,False
Olivier Giroud,36,4,4.011021165528365,-0.01102116552836474,1.8256953033982457,-0.00603669490075949,0.9951834435943299,-3.589318206932853,3.5672758758761236,False,0.9991768646091868,False
Hirving Rodrigo Lozano Bahena,18,1,1.0161351119826976,-0.01613511198269757,0.9603895052172309,-0.0168005917339215,0.986595697828911,-1.8984639533387124,1.8661937293733173,False,0.9991768646091868,False
Marco Asensio Willemsen,13,1,1.0189360962226655,-0.018936096222665455,0.9472676741366125,-0.01999022740845112,0.9840511684075497,-1.87554662124945,1.8376744288041191,False,0.9991768646091868,False
Tomáš Souček,13,1,1.0380006504859294,-0.03800065048592938,0.9596531327051305,-0.039598318591229684,0.9684133679590574,-1.9188862282390222,1.8428849272671635,False,0.9991768646091868,False
Dan Ndoye,14,1,1.1120634852266589,-0.11206348522665888,0.9867512040249379,-0.11356812615941508,0.9095801554741179,-2.046060306817072,1.8219333363637542,False,0.9991768646091868,False
Daniel Olmo Carvajal,51,4,4.125569296244562,-0.1255692962445618,1.8871151969276985,-0.06654034499271365,0.9469476382064532,-3.8242471169010623,3.5731085244119387,False,0.9991768646091868,False
Robert Lewandowski,35,4,4.127642938878087,-0.1276429388780871,1.7586549607815118,-0.07257986456954868,0.9421404501990411,-3.5745433232425516,3.3192574454863775,False,0.9991768646091868,False
Romelu Lukaku Menama,42,7,7.1419227578181665,-0.14192275781816655,2.295283701763971,-0.0618323380718018,0.9506963506919011,-4.640596147577324,4.356750631940991,False,0.9991768646091868,False
Jesse Lingard,16,1,1.1890030688085793,-0.1890030688085793,1.0290776253966278,-0.18366259662455844,0.8542781532636963,-2.2059581518819713,1.8279520142648127,False,0.9991768646091868,False
Adrien Rabiot,15,1,1.2552073183561072,-0.2552073183561072,1.0441475252732724,-0.2444169163637244,0.8069079416446616,-2.301698862438347,1.7912842257261326,False,0.9733659459549435,False
Serge Gnabry,16,1,1.2956575247062814,-0.29565752470628137,1.067023449141857,-0.2770862486143683,0.7817138806051487,-2.3869850556840273,1.7956700062714646,False,0.9733659459549435,False
Christian Dannemann Eriksen,29,2,2.3337129548866202,-0.33371295488662023,1.4092514830962315,-0.23680156373043354,0.8128107383747467,-3.0957951069148906,2.42836919714165,False,0.9733659459549435,False
Kieffer Roberto Francisco Moore,12,1,1.3645860288539182,-0.3645860288539182,1.0541024794831155,-0.34587341928338394,0.7294378455315191,-2.430588924655196,1.7014168669473595,False,0.9709412939091973,False
Marcel Sabitzer,23,1,1.3666339871083826,-0.3666339871083826,1.1079817731051897,-0.33090254371321237,0.7407181005080474,-2.5382383579213847,1.8049703837046194,False,0.9709412939091973,False
Ivan Rakitić,15,1,1.425756758090203,-0.4257567580902031,0.9687333167262813,-0.4394984158581407,0.6603004296250192,-2.3244391694977473,1.4729256533173414,False,0.9559573384123412,False
Lamine Yamal Nasraoui Ebana,18,1,1.471732148120941,-0.4717321481209411,1.123080639675638,-0.42003408433537254,0.6744605544038607,-2.6729297536193974,1.7294654573775152,False,0.9620981437819777,False
Piotr Zieliński,22,1,1.530715460754496,-0.5307154607544959,1.125639146981108,-0.47147921443372043,0.6372985595197482,-2.736927648425856,1.6754967269168641,False,0.9424533645873414,False
Pierre-Emile Højbjerg,16,0,0.5382771755920253,-0.5382771755920253,0.7108764537745272,-0.7572021449493018,0.4489287653647822,-1.9315694224476512,0.8550150712636007,False,0.8658273095903745,False
Ante Rebić,20,1,1.5452360072822764,-0.5452360072822764,1.1595031217134364,-0.4702324617087386,0.6381889442200972,-2.8178203658023744,1.7273483512378218,False,0.9424533645873414,False
İlkay Gündoğan,14,1,1.6531610099402079,-0.6531610099402079,1.1513176293819396,-0.5673160848677732,0.5704994507903236,-2.9097020982948436,1.6033800784144276,False,0.9223074454443565,False
Juraj Kucka,13,0,0.6671497744235542,-0.6671497744235542,0.789152193612842,-0.8454006461912692,0.39788718384463984,-2.213859652225504,0.8795601033783957,False,0.849279091660876,False
Phil Foden,13,0,0.6790852755887167,-0.6790852755887167,0.7905113117272652,-0.8590456145465105,0.3903153504750767,-2.228458975945672,0.8702884247682388,False,0.849279091660876,False
Michy Batshuayi Tunga,14,2,2.6836660999350404,-0.6836660999350404,1.30098086814959,-0.5255005024842769,0.5992353040854124,-3.2335417460838896,1.8662095462138089,False,0.9424533645873414,False
Antonio Rüdiger,12,0,0.7619495006198964,-0.7619495006198964,0.81272921211272,-0.9375195197416126,0.3484913878204199,-2.354869485544442,0.830970484304649,False,0.8087280695606812,False
Eden Hazard,23,2,2.8711360593947854,-0.8711360593947854,1.4227236087260287,-0.6123016825276698,0.540338176686415,-3.6596230924526574,1.9173509736630865,False,0.9223074454443565,False
Joshua Kimmich,18,0,0.9539361920803956,-0.9539361920803956,0.9321946102989198,-1.0233230073863053,0.30615514903798546,-2.7810040548486294,0.8731316706878381,False,0.8087280695606812,False
Marcelo Brozović,12,0,1.0016986647762796,-1.0016986647762796,0.8847534818138744,-1.1321782681461172,0.25755949465500927,-2.735783624327887,0.7323862947753279,False,0.8087280695606812,False
Martin Braithwaite Christensen,21,1,2.069606506557579,-1.0696065065575788,1.3127628373606817,-0.814775126258167,0.4152010413296603,-3.6425743880271275,1.5033613749119699,False,0.849279091660876,False
Roland Sallai,16,0,1.106318664514189,-1.106318664514189,0.9987739935632147,-1.1076766832577398,0.26800147273274444,-3.0638797205933295,0.8512423915649516,False,0.8087280695606812,False
Marcus Thuram,13,0,1.1200164880721117,-1.1200164880721117,0.9926730507569372,-1.128283363004639,0.25920026737169044,-3.0656199159792097,0.8255869398349862,False,0.8087280695606812,False
Ousmane Dembélé,20,0,1.1336294975517367,-1.1336294975517367,1.0163458755729595,-1.1153973512340563,0.26468018410779837,-3.1256308095105645,0.8583718144070911,False,0.8087280695606812,False
Kai Havertz,33,4,5.146735372595973,-1.1467353725959732,1.9237171449657737,-0.5961039415783632,0.5511057911906878,-4.917151693171109,2.6236809479791616,False,0.9223074454443565,False
Domenico Berardi,14,0,1.1871977117596288,-1.1871977117596288,1.0002595654082158,-1.186889636266684,0.23527115576911006,-3.1476704351514186,0.7732750116321607,False,0.8087280695606812,False
Cristiano Ronaldo dos Santos Aveiro,64,5,6.241119742354266,-1.2411197423542664,2.1823735069428567,-0.5687018003132146,0.5695585258541971,-5.518493216776639,3.036253732068106,False,0.9223074454443565,False
Yannick Ferreira Carrasco,17,0,1.2491831434526661,-1.2491831434526661,1.0661475894273318,-1.171679377077286,0.24132580585829788,-3.338794020934433,0.8404277340291006,False,0.8087280695606812,False
Mateo Kovačić,17,0,1.3468842113757697,-1.3468842113757697,1.0625841473286164,-1.2675553411575886,0.20495678873379686,-3.4295108706830604,0.7357424479315211,False,0.8087280695606812,False
Ismaïla Sarr,12,0,1.373481528780875,-1.373481528780875,0.9950500146534482,-1.380314063167192,0.16748996681055583,-3.3237437203176867,0.5767806627559364,False,0.8087280695606812,False
Thomas Müller,14,0,1.661092465565741,-1.661092465565741,1.1634407801450983,-1.4277413117310347,0.1533663306606463,-3.941394492795317,0.6192095616638347,False,0.8087280695606812,False
Antoine Griezmann,44,2,3.695513082648048,-1.695513082648048,1.7341504578635358,-0.9777197099361904,0.3282129707477428,-5.094385523834223,1.7033593585381266,False,0.8087280695606812,False
Gerard Moreno Balaguero,15,0,1.706007601156503,-1.706007601156503,1.1712571351889014,-1.4565611170269257,0.14523756744366545,-4.001629402762311,0.589614200449305,False,0.8087280695606812,False
Memphis Depay,39,3,4.792233194563459,-1.792233194563459,1.9183496854602704,-0.9342578197016504,0.35017091671699596,-5.552129487819331,1.967663098692412,False,0.8087280695606812,False
Gabriel Fernando de Jesus,12,0,1.8734616191330222,-1.8734616191330222,1.1965794321469418,-1.5656809475419415,0.11742332880200768,-4.218714210782418,0.47179097251637336,False,0.8087280695606812,False
Aleksandar Mitrović,36,3,5.028184424352875,-2.028184424352875,1.9388868539229114,-1.0460561018551906,0.2955351311671408,-5.8283328281399545,1.771963979434204,False,0.8087280695606812,False
Lautaro Javier Martínez,14,0,2.2826754070663458,-2.2826754070663458,1.3120118024115277,-1.73982840921911,0.08188915244847017,-4.854171287084421,0.2888204729517301,False,0.6619373156251339,False
Neymar da Silva Santos Junior,38,3,5.504411500404453,-2.504411500404453,1.807270215749245,-1.3857426955748242,0.1658254859777557,-6.0465960336049065,1.0377730327960002,False,0.8087280695606812,False
Marcus Berg,17,0,2.873390174625672,-2.873390174625672,1.421400680577781,-2.021520190533239,0.043225944420083984,-5.659284316158844,-0.08749603309249965,True,0.537751101228605,False
