player,shots,goals,xg_total,raw_conversion,expected_conversion,conv_mean,conv_hdi_low,conv_hdi_high,skill_mean,skill_hdi_low,skill_hdi_high,shrinkage,goals_minus_xg_raw,goals_minus_xg_shrunk
Cody Mathès Gakpo,18,6,1.358226502052614,0.3333333333333333,0.0754570278918119,0.10339913224149538,0.06492276314450908,0.1495043798327877,0.3457219742204276,-0.16169462411584945,0.7672426308176976,0.8916453207988901,4.641773497947386,0.5029578782943027
Xherdan Shaqiri,29,6,2.2906849509738088,0.20689655172413793,0.07898913624047617,0.1009223968503545,0.06383224413284357,0.1452824393799071,0.2691440258446529,-0.22937472542711745,0.6840701344221685,0.8285223688795433,3.7093150490261912,0.6360645576864719
Luka Modrić,21,3,1.0864357050008944,0.14285714285714285,0.05173503357147116,0.06582012277560742,0.0358199831215611,0.10402958500089787,0.25575538080155535,-0.3842733115612207,0.7552667160792348,0.8454262163754473,1.9135642949991056,0.2957868732868614
Emil Peter Forsberg,28,4,1.691858350523602,0.14285714285714285,0.060423512518700075,0.07585772220929952,0.04390148490744626,0.115568569262242,0.24404438869082457,-0.33686189351858076,0.7089699588733067,0.8127680459148512,2.308141649476398,0.4321578713367846
Denis Cheryshev,13,4,1.047035015991335,0.3076923076923077,0.08054115507625655,0.10034123594308124,0.06202449045839041,0.14654500132195397,0.2415781841224236,-0.2811775370195271,0.673056730300515,0.9128330160829412,2.952964984008665,0.25740105126872104
Bukayo Saka,15,4,1.3198111187254145,0.26666666666666666,0.08798740791502763,0.10609625110909755,0.06683881229797585,0.15304859538657747,0.2072086902143675,-0.29783392977184286,0.6275722531251688,0.8986516771975146,2.6801888812745855,0.2716326479110489
Salem Mohammed Al Dawsari,13,3,0.9967397285982157,0.23076923076923078,0.07667228681524736,0.0915536969571175,0.055035566112901294,0.13612926075897241,0.1936337709603011,-0.35472375801170175,0.6406256306899241,0.9034282591203493,2.003260271401784,0.19345833184431183
Haris Seferović,15,3,1.1184502751777858,0.2,0.07456335167851906,0.08868378470900024,0.052939442944898635,0.13245745919884194,0.18880367341556248,-0.36559780675423736,0.6392135384516351,0.8874297645908715,1.8815497248222142,0.21180649545721764
Paul Pogba,15,2,0.8437355470532222,0.13333333333333333,0.056249036470214814,0.06681067574499809,0.036168161364004074,0.10589730520609879,0.1833281941678444,-0.46266421664752055,0.6867225759849616,0.8629858517936801,1.1562644529467778,0.15842458912174928
Federico Chiesa,24,2,1.1195584071663267,0.08333333333333333,0.04664826696526361,0.05547330667914587,0.028393781635994746,0.09082494551515669,0.1825661343903593,-0.5154322940527969,0.7137444618599162,0.7594378152314458,0.8804415928336733,0.21180095313317415
Ivan Perišić,51,6,3.7638296240635025,0.11764705882352941,0.07380058086399024,0.08725790366708157,0.0543751091449878,0.12693688911980447,0.1821377466421139,-0.3262165079128785,0.6014051462325147,0.6930808715010239,2.2361703759364975,0.6863234629576578
Lorenzo Insigne,19,2,0.9856900158057528,0.10526315789473684,0.051878421884513304,0.06155169510614299,0.03253209298411101,0.09894146744168027,0.18122942131968234,-0.48687537419979865,0.6965380184049201,0.8188007669499914,1.0143099841942473,0.18379219121096402
Youssef En-Nesyri,12,3,1.049675841474337,0.25,0.08747298678952808,0.10204125541654524,0.06329912939169023,0.14867848129310535,0.17014073581864464,-0.34960474904367755,0.5998839259823086,0.9103640167917729,1.950324158525663,0.17481922352420587
Patrik Schick,22,5,2.367637789780476,0.22727272727272727,0.10761989953547618,0.12466218636610847,0.08274267679276391,0.1736621575442969,0.16628427814949043,-0.29036594184407116,0.5553946812396633,0.8575688752792712,2.632362210219524,0.37493031027391055
Kylian Mbappé Lottin,74,10,7.0281976464614475,0.13513513513513514,0.09497564387110065,0.10995277100764854,0.07447980683877353,0.1512686518965817,0.16311776927781407,-0.26548653316305115,0.5296560824880339,0.6270588429998138,2.9718023535385525,1.1083074081045448
Kevin De Bruyne,35,3,1.9879464469091679,0.08571428571428572,0.05679846991169051,0.06569018669584896,0.036571977815471536,0.10248391486840194,0.154912044117836,-0.46144488256670346,0.6398454000598477,0.6924964232425214,1.0120535530908321,0.3112100874455459
Aurélien Djani Tchouaméni,18,1,0.7075718630297252,0.05555555555555555,0.03930954794609584,0.045486427766757896,0.02104833939007099,0.07862554151670162,0.15239693553303413,-0.6434757896494276,0.7350148777352148,0.6197909068400665,0.2924281369702748,0.1111838367719169
Roman Yaremchuk,17,3,1.4247326032120848,0.17647058823529413,0.08380780018894617,0.09612262275953827,0.05899489961654871,0.1410566605551325,0.15063107386908836,-0.3777974831373738,0.5851587824394899,0.8671006686693639,1.5752673967879152,0.2093519837000657
Lionel Andrés Messi Cuccittini,44,4,2.795156131830974,0.09090909090909091,0.06352627572343122,0.0728643092886642,0.04258886302895696,0.11038808361444936,0.14716685647892636,-0.4219722686625338,0.6038847240115262,0.6589819745734804,1.2048438681690259,0.4108734768702509
Toni Kroos,23,1,0.8968290628624181,0.043478260869565216,0.038992567950539916,0.04408012548371384,0.020328614403712145,0.07634227287632832,0.12794599529962714,-0.6705766445433587,0.7114963221232244,-0.13417427920576452,0.10317093713758185,0.11701382326300014
Ferrán Torres García,16,4,1.9665093505327467,0.25,0.12290683440829667,0.1372387416830424,0.09268122422442726,0.18885213875867046,0.126770632326904,-0.31614134710705355,0.5077006114560676,0.8872330608178562,2.0334906494672533,0.2293105163959317
Harry Kane,53,10,7.180362359060678,0.18867924528301888,0.13547853507661656,0.1508070497199141,0.1077709484676207,0.19955211590995603,0.12507769414890912,-0.2603518373703586,0.46426692778108136,0.7118738719120922,2.8196376409393222,0.8124112760947693
Thomas Meunier,13,2,1.0362095010241823,0.15384615384615385,0.07970842315570634,0.08913032444053454,0.05312779421497799,0.13323715209253553,0.12201507286156055,-0.4341486296543695,0.5736805164941523,0.8729135462188865,0.9637904989758177,0.12248471670276673
Álvaro Borja Morata Martín,39,7,4.802321180790539,0.1794871794871795,0.12313644053309074,0.136705596224815,0.09444138631185019,0.18528977002791605,0.120132298660524,-0.297514223952021,0.48214681079741095,0.7592018145000792,2.197678819209461,0.5291970719772463
Carlos Henrique Casimiro,13,1,0.6872698508823861,0.07692307692307693,0.05286691160633739,0.059169486584105466,0.030422687885838174,0.09659194543117777,0.11930493606923198,-0.5760096072477503,0.6499829845702285,0.7380058336487065,0.3127301491176139,0.08193347471098489
Heung-Min Son,23,2,1.4240407211484438,0.08695652173913043,0.061914813962975816,0.06912111074917905,0.03842763178210696,0.10788321467655647,0.11781230175926227,-0.5017117600656706,0.6055335368075059,0.7122282213889077,0.5759592788515562,0.16574482608267438
Joakim Mæhle,13,2,1.0622084468837107,0.15384615384615385,0.08170834206797775,0.09097359864780327,0.05457808403213998,0.135437770168318,0.11755414910377526,-0.4326399413812103,0.5656479355114199,0.8715617184464064,0.9377915531162893,0.12044833553773171
Nicholas Williams Arthuer,12,2,1.0478984906860198,0.16666666666666666,0.08732487422383499,0.09665491611301386,0.05899304903771094,0.1423170348098969,0.11178707169021651,-0.4227862669633722,0.5505673170396219,0.8824069686111331,0.9521015093139802,0.11196050267014646
Granit Xhaka,18,1,0.8602483908443088,0.05555555555555555,0.04779157726912827,0.05310518331293382,0.02636445577789244,0.08841182344679661,0.11102104672754454,-0.6170857920543957,0.6587519088621603,0.3156078175676238,0.13975160915569118,0.09564490878849985
Hakim Ziyech,19,1,0.8902425075601477,0.05263157894736842,0.04685486881895514,0.051999194475469,0.02563509912850777,0.08690584459389102,0.1095851296044894,-0.6251111489215417,0.6606985377435515,0.10947138731939732,0.10975749243985233,0.0977421874737634
Andrej Kramarić,29,4,2.7817264833050914,0.13793103448275862,0.09592160287258936,0.10568713469323278,0.06770686755883099,0.15085163778098187,0.10781235305137393,-0.37907481117805997,0.5154477601674152,0.7675395394238214,1.2182735166949086,0.2832004227986591
Fabián Ruiz Peña,18,2,1.3805453226469888,0.1111111111111111,0.07669696236927716,0.08415751075227962,0.04962976879828591,0.1266775380544187,0.10094117127722191,-0.4641653994408861,0.5574353224660951,0.7832127582474997,0.6194546773530112,0.13428987089404432
Wahbi Khazri,17,3,1.8865776447196636,0.17647058823529413,0.11097515557174492,0.1206497865360364,0.0789366433426919,0.1697010425405939,0.0945276108821742,-0.3760644483156699,0.4930713190361429,0.8522854102821158,1.1134223552803364,0.16446872639295518
Bruno Miguel Borges Fernandes,24,2,1.6153513660738597,0.08333333333333333,0.06730630691974415,0.07347906691261157,0.04180632930173077,0.11310210171425374,0.09438682047781288,-0.5031792743198276,0.5693839970267107,0.6148530717068275,0.38464863392614035,0.1481462398288178
João Félix Sequeira,18,1,0.9490381054693848,0.05555555555555555,0.0527243391927436,0.0575359045274266,0.02954245142047645,0.09401518893021567,0.09242430201788387,-0.6034264535824572,0.6229467586328505,-0.6994693156916396,0.05096189453061517,0.08660817602429405
Ciro Immobile,18,2,1.4771329703056695,0.1111111111111111,0.08206294279475941,0.08897735887710297,0.053409847964096285,0.13244646157674608,0.08845646799613371,-0.46022879087800783,0.5351435497825294,0.7619672260556506,0.5228670296943305,0.124459489482184
Jamal Musiala,21,3,2.157835750002243,0.14285714285714285,0.10275408333344013,0.11095752601578553,0.07133265441882561,0.15795542020020623,0.08599385396098258,-0.39940500190334527,0.49347127062860063,0.7954409768287931,0.8421642499977571,0.17227229632925312
Hirving Rodrigo Lozano Bahena,18,1,1.0161351119826976,0.05555555555555555,0.05645195066570542,0.06088413164407887,0.03198078992558334,0.09821224483396791,0.0802911541193212,-0.5938590799160299,0.5990091572857486,-3.9444501963340954,-0.01613511198269757,0.07977925761072213
Philippe Coutinho Correia,23,2,1.7039258963130617,0.08695652173913043,0.07408373462230702,0.07978030302814482,0.046592168592990583,0.12084317320620473,0.08025200414035849,-0.4930224838967572,0.5411181209248406,0.5574720257439072,0.2960741036869383,0.13102107333426916
Marcus Rashford,16,3,2.0010252824444628,0.1875,0.12506408015277892,0.13405518883224107,0.09000536156205524,0.1852223571920537,0.07975479607675284,-0.3682450641528996,0.46396619104702763,0.8559946149353908,0.9989747175555372,0.1438577388713944
Breel-Donald Embolo,29,5,3.8144703445547474,0.1724137931034483,0.13153346015706024,0.14079796380787934,0.09699553720687328,0.19115036533372878,0.07878967785507895,-0.3435947368723906,0.44491512672566214,0.7733750441081557,1.1855296554452526,0.26867060587375313
Mario Mandžukić,12,3,1.7793901472228284,0.25,0.14828251226856903,0.158382037464903,0.11020644526008545,0.21334406559076868,0.07781945183483518,-0.3404985291109066,0.44325079111824417,0.9007100409026992,1.2206098527771716,0.12119430235600781
Mikel Oyarzabal Ugarte,15,2,1.481206209261591,0.13333333333333333,0.09874708061743939,0.10557520451518046,0.066417108594485,0.15243824733289824,0.07446680079619306,-0.4318509846771339,0.4956199652897062,0.8025769384781244,0.518793790738409,0.10242185846611584
Harry Maguire,25,2,1.8776482632868559,0.08,0.07510593053147424,0.0798828324502021,0.04681340911113308,0.1207480085799947,0.06683963611546107,-0.5028613089564504,0.5254139513935498,0.02394072061122532,0.12235173671314414,0.11942254796819651
Luis Alberto Suárez Díaz,16,2,1.602233481584217,0.125,0.10013959259901356,0.1062960725432407,0.06709048826429212,0.15315326116324038,0.06652830459998649,-0.43659142066763845,0.48559390439965444,0.7523580428540021,0.39776651841578303,0.09850367910763413
Steven Zuber,12,1,0.941265785118475,0.08333333333333333,0.07843881542653959,0.08317276089401945,0.04839834114334293,0.12620939245560864,0.06375111659344634,-0.5149307103611958,0.5288518770755446,0.032806589407098796,0.05873421488152497,0.05680734560975842
Pierre-Emile Højbjerg,16,0,0.5382771755920253,0.0,0.03364232347450158,0.03567019522011618,0.014462744507583558,0.06583506081598003,0.060631244777937354,-0.8638618011176105,0.7052486482320233,0.9397226012896649,-0.5382771755920253,0.032445947929833574
Marco Asensio Willemsen,13,1,1.0189360962226655,0.07692307692307693,0.0783796997094358,0.08268397208519142,0.04809798846914499,0.12549858024586852,0.05814208541388366,-0.5206533885866,0.5232088831387471,-1.9549670759408024,-0.018936096222665455,0.05595554088482291
Tomáš Souček,13,1,1.0380006504859294,0.07692307692307693,0.07984620388353303,0.08403561154536095,0.04914697581143564,0.1271268476769868,0.055701662113428974,-0.5181056941541322,0.5178336370300838,-0.43319387713978585,-0.03800065048592938,0.05446229960376292
Andriy Yarmolenko,14,2,1.6900830925585333,0.14285714285714285,0.12072022089703809,0.12627050453433802,0.08330089733409689,0.1765829774459058,0.051283136374881355,-0.41269246941194426,0.44595560570351944,0.7492748247790421,0.3099169074414667,0.07770397092219916
Dan Ndoye,14,1,1.1120634852266589,0.07142857142857142,0.07943310608761849,0.08322031816111958,0.048591984268015656,0.12602440725264508,0.05069877772355946,-0.5244099898975954,0.513497581914486,0.5268666780996911,-0.11206348522665888,0.05302096902901532
Niclas Füllkrug,17,4,3.1597889213309887,0.23529411764705882,0.18586993654888168,0.19338097380667693,0.14124880289407096,0.2514511529548024,0.04888370355921445,-0.32788336953949293,0.38618525929009273,0.8480291005150862,0.8402110786690113,0.1276876333825192
Jesse Lingard,16,1,1.1890030688085793,0.0625,0.0743126918005362,0.07771805320624649,0.04449388373609231,0.1191383190893265,0.04849134148922429,-0.5446346871382493,0.5216392942031511,0.7117201173778442,-0.1890030688085793,0.05448578249136449
Raheem Sterling,26,4,3.593855923385256,0.15384615384615385,0.13822522782250984,0.1437491739246681,0.09921228244762881,0.19487773281959603,0.045616089637203316,-0.37589828970309247,0.41148771106980675,0.6463752472934607,0.40614407661474416,0.1436225986561146
Edinson Roberto Cavani Gómez,19,3,2.6331240851010422,0.15789473684210525,0.13858547816321276,0.14410273574281127,0.09879776937792024,0.1962259482851634,0.04546466208876043,-0.38356613158997743,0.4170371179473855,0.7142688038236507,0.36687591489895777,0.10482789401237191
Marcel Sabitzer,23,1,1.3666339871083826,0.043478260869565216,0.059418869004712285,0.06197225220388518,0.03308510871211582,0.09905670713035857,0.04479328209515954,-0.6131411123645765,0.5541362405758741,0.8398189593819197,-0.3666339871083826,0.05872781358097656
Denzel Dumfries,12,3,2.2953480169852516,0.25,0.19127900141543763,0.19821881969243813,0.14487792076516112,0.25755759460117017,0.04425672531729874,-0.3336318964119933,0.3830189472845429,0.8818170936414396,0.7046519830147484,0.0832778193240058
Daniel Olmo Carvajal,51,4,4.125569296244562,0.0784313725490196,0.08089351561263847,0.08399860255733123,0.051768573150686246,0.12307750143812449,0.041050589972780216,-0.4775470066375802,0.46666395030942387,-0.26113181259617857,-0.1255692962445618,0.15835943417933063
Adrien Rabiot,15,1,1.2552073183561072,0.06666666666666667,0.08368048789040715,0.08666450085921312,0.05135572230583309,0.13004120892721135,0.03830035538598642,-0.5228982362950081,0.49276483349834943,0.8246124177770137,-0.2552073183561072,0.04476019453208968
Serge Gnabry,16,1,1.2956575247062814,0.0625,0.08097859529414259,0.0837670875267579,0.04917205442593678,0.12644372167595455,0.03689412571523443,-0.532883114781574,0.4963493144690465,0.849096092628901,-0.29565752470628137,0.04461587572184511
Olivier Giroud,36,4,4.011021165528365,0.1111111111111111,0.11141725459801013,0.11498888241701298,0.07593411523075365,0.16083176168239877,0.035580810294638,-0.422571745104964,0.42429321975543766,-10.666515773960645,-0.01102116552836474,0.1285786014841026
John Stones,16,2,1.998777358534864,0.125,0.124923584908429,0.12878653017178876,0.0855969073355204,0.17919514003786471,0.03487818049595548,-0.42201335697616815,0.42479896888381163,-49.552125031096786,0.001222641465135954,0.061807124213756115
Christian Dannemann Eriksen,29,2,2.3337129548866202,0.06896551724137931,0.08047286051333173,0.08290814128957616,0.049457180050366256,0.1239512767600917,0.032465191142003746,-0.5199863971276346,0.4804064174984102,0.7883715885855171,-0.33371295488662023,0.07062314251108859
Robert Lewandowski,35,4,4.127642938878087,0.11428571428571428,0.11793265539651678,0.12091376349233839,0.08078128392660683,0.1677621220275627,0.028349255657461603,-0.4196241205152287,0.4105833876709617,0.18257300975018176,-0.1276429388780871,0.10433878335375635
Piotr Zieliński,22,1,1.530715460754496,0.045454545454545456,0.06957797548884072,0.07122443277521018,0.03995468231524461,0.1105646031379523,0.02515899209204564,-0.5860444196610723,0.5082033179095986,0.931748624303063,-0.5307154607544959,0.03622206030012798
Lamine Yamal Nasraoui Ebana,18,1,1.471732148120941,0.05555555555555555,0.08176289711783007,0.08361901103637794,0.049209758057791694,0.12603066479674566,0.024470772997565504,-0.5425694550607658,0.4821120383188,0.9291758031184763,-0.4717321481209411,0.0334100505338617
Juraj Kucka,13,0,0.6671497744235542,0.0,0.051319213417196474,0.05252131079827244,0.025669635646296835,0.08817186295286167,0.02442172332848891,-0.7194344669977895,0.5808435331041562,0.976576075488461,-0.6671497744235542,0.015627265953987557
Ivan Rakitić,15,1,1.425756758090203,0.06666666666666667,0.09505045053934687,0.09703559564874843,0.05955456329842922,0.14238587377487646,0.022866130067931145,-0.5059893225473591,0.4578579177919353,0.9300605895850167,-0.4257567580902031,0.029777176641023306
Phil Foden,13,0,0.6790852755887167,0.0,0.05223732889143974,0.053367514393119604,0.026267206223718354,0.08925113784171776,0.022598052870360874,-0.7145089056680574,0.5754937547642767,0.978364408639105,-0.6790852755887167,0.0146924115218382
Kieffer Roberto Francisco Moore,12,1,1.3645860288539182,0.08333333333333333,0.11371550240449319,0.1158570503495926,0.07450919129550183,0.1648293778030814,0.02107661545841344,-0.46606344375256814,0.43061308919400454,0.9295130002047067,-0.3645860288539182,0.02569857534119291
Ante Rebić,20,1,1.5452360072822764,0.05,0.07726180036411381,0.07877428208150036,0.04559836759526823,0.11996217497610914,0.021027382605055323,-0.5610667697140368,0.4873574889677126,0.9445201088267996,-0.5452360072822764,0.03024963434773098
Romelu Lukaku Menama,42,7,7.1419227578181665,0.16666666666666666,0.1700457799480516,0.17239483141005857,0.1255714579570038,0.2248426371200066,0.016554034529075112,-0.3553927474493517,0.3476375574161492,0.30483198804030076,-0.14192275781816655,0.09866016140429323
Antonio Rüdiger,12,0,0.7619495006198964,0.0,0.0634957917183247,0.0640787523143491,0.033945080135873114,0.10284076385976221,0.009761879921652561,-0.6572963729998786,0.5251288268887628,0.9908189097222303,-0.7619495006198964,0.006995527152292791
İlkay Gündoğan,14,1,1.6531610099402079,0.07142857142857142,0.11808292928144341,0.1186578294225184,0.07700367997274701,0.16780296530705424,0.0055088881816502955,-0.4730611756471004,0.40943209153671023,0.987677461066167,-0.6531610099402079,0.00804860197504964
Michy Batshuayi Tunga,14,2,2.6836660999350404,0.14285714285714285,0.19169043570964575,0.19134215503149998,0.13907760928402205,0.2496771599420048,-0.0022493263778620154,-0.3839088919030942,0.33872850821461586,0.9928679665490155,-0.6836660999350404,-0.004875929494040587
Eden Hazard,23,2,2.8711360593947854,0.08695652173913043,0.12483200258238197,0.1242325236608864,0.08247874967775293,0.17303967560732195,-0.005498606323115274,-0.4616880493108395,0.38321119940899484,0.9841723746300006,-0.8711360593947854,-0.013788015194398096
Joshua Kimmich,18,0,0.9539361920803956,0.0,0.05299645511557753,0.052691485511454444,0.02607075642254309,0.08788555586726207,-0.00609313400548972,-0.7374466034705724,0.5433478071484239,0.9942454716365842,-0.9539361920803956,-0.00548945287421565
Marcelo Brozović,12,0,1.0016986647762796,0.0,0.08347488873135663,0.08258963430967395,0.04794661703662835,0.12550614410919142,-0.011627087926569857,-0.5924892476890178,0.45475305896488005,0.9893949613454215,-1.0016986647762796,-0.010623053060192178
Martin Braithwaite Christensen,21,1,2.069606506557579,0.047619047619047616,0.09855269078845613,0.09721584567524301,0.06019998459273239,0.14186154771268283,-0.015139517546317371,-0.5345847506704473,0.4134963690963396,0.9737532006346632,-1.0696065065575788,-0.028073747377475478
Kai Havertz,33,4,5.146735372595973,0.12121212121212122,0.15596167795745375,0.1537931653426498,0.10850981790590236,0.20527155004319486,-0.01656762177923854,-0.4174661920736211,0.3349208288936496,0.9375959632896552,-1.1467353725959732,-0.07156091628852934
Marcus Thuram,13,0,1.1200164880721117,0.0,0.08615511446708551,0.08462867150086062,0.04960820787703376,0.1278403090893554,-0.019545171264831573,-0.591206491547601,0.4413208802342725,0.9822826192540426,-1.1200164880721117,-0.019843758560923686
Roland Sallai,16,0,1.106318664514189,0.0,0.06914491653213681,0.06788734389002563,0.03703882854747625,0.10711666108959936,-0.01970499268350423,-0.6581472414603593,0.4793616647921186,0.9818125076262592,-1.106318664514189,-0.020121162273778914
Cristiano Ronaldo dos Santos Aveiro,64,5,6.241119742354266,0.078125,0.09751749597428541,0.09571898237420509,0.06204994986919571,0.1356908674611352,-0.020606044480995234,-0.4906394962855374,0.37356626410092164,0.9072572399929766,-1.2411197423542664,-0.1151048704051405
Ousmane Dembélé,20,0,1.1336294975517367,0.0,0.05668147487758683,0.05543723336028515,0.028143974633106895,0.0911689818228546,-0.023514120813720396,-0.729917816286028,0.5125121178195413,0.9780485331408749,-1.1336294975517367,-0.024884830346033615
Domenico Berardi,14,0,1.1871977117596288,0.0,0.0847998365542592,0.08294642494367664,0.048379380038594294,0.1256944708917059,-0.024121794198033175,-0.6002435723913662,0.4392734217259531,0.9781436888808548,-1.1871977117596288,-0.025947762548155895
Yannick Ferreira Carrasco,17,0,1.2491831434526661,0.0,0.0734813613795686,0.0714551273278897,0.039790823694826026,0.11139108101383755,-0.03014666952262335,-0.6491124520629583,0.45779240937537624,0.9724251971705808,-1.2491831434526661,-0.034445978878541395
Ismaïla Sarr,12,0,1.373481528780875,0.0,0.11445679406507292,0.11129475512913166,0.07078266684222108,0.15952080743453062,-0.03157964765780985,-0.5287246610992637,0.38420601268830623,0.9723735147243114,-1.373481528780875,-0.03794446723129519
Mateo Kovačić,17,0,1.3468842113757697,0.0,0.0792284830221041,0.07664372930197713,0.043742385867284524,0.11771957682665748,-0.035971303906927155,-0.6318337315268328,0.43867143876954406,0.9673759534256658,-1.3468842113757697,-0.043940813242158594
Memphis Depay,39,3,4.792233194563459,0.07692307692307693,0.12287777421957588,0.11810559744848752,0.07877169847721303,0.1640804701746464,-0.04503701099839663,-0.4936979190312587,0.3372808219429346,0.8961547556216428,-1.792233194563459,-0.1861148940724462
Thomas Müller,14,0,1.661092465565741,0.0,0.11864946182612436,0.11398269827280026,0.07316624387485827,0.16238097414281846,-0.045407824554802634,-0.5337580623439133,0.36466387897285224,0.960667638255595,-1.661092465565741,-0.06533468974653744
Gabriel Fernando de Jesus,12,0,1.8734616191330222,0.0,0.15612180159441852,0.1498979030695498,0.10296199326779776,0.20378785386469866,-0.048030352713575475,-0.47736662192172874,0.3245855425681079,0.960134340871639,-1.8734616191330222,-0.07468678229842451
Gerard Moreno Balaguero,15,0,1.706007601156503,0.0,0.1137338400771002,0.10890988892026598,0.06912163683190926,0.15633879352888141,-0.04876839471873673,-0.5471044824590887,0.3674307351613437,0.9575856125708578,-1.706007601156503,-0.0723592673525133
Antoine Griezmann,44,2,3.695513082648048,0.045454545454545456,0.08398893369654654,0.08010822276573015,0.048249958268006904,0.11909487560969613,-0.05153412736425711,-0.5925640789757725,0.3883139174299055,0.8992922657433924,-1.695513082648048,-0.1707512809559213
Aleksandar Mitrović,36,3,5.028184424352875,0.08333333333333333,0.13967178956535764,0.13357632786538717,0.09151804496281611,0.18209766807902592,-0.05168231252020905,-0.4772202132884722,0.31581889652540185,0.8918063768934861,-2.028184424352875,-0.2194366211989367
Lautaro Javier Martínez,14,0,2.2826754070663458,0.0,0.16304824336188184,0.1546913533363808,0.10727591543438784,0.2088949763497156,-0.0625496582367624,-0.483153091070452,0.304121189788755,0.9487459057933355,-2.2826754070663458,-0.11699646035701461
Neymar da Silva Santos Junior,38,3,5.504411500404453,0.07894736842105263,0.14485293422116982,0.1365663411563251,0.09423385152439134,0.1852503643256194,-0.06855207414351483,-0.48744720349291026,0.29438184021959013,0.8742656562576694,-2.504411500404453,-0.31489053646409904
Marcus Berg,17,0,2.873390174625672,0.0,0.16902295144856894,0.15771174649712763,0.11020089590770842,0.21184857525733147,-0.0827856596280776,-0.496123022675232,0.27874917934364296,0.9330788815690327,-2.873390174625672,-0.19229048417450212
