player,shots,xg_total,goals,goals_minus_xg,xg_per_shot,conversion
Cody Mathès Gakpo,18,1.358226502052614,6,4.641773497947386,0.0754570278918119,0.3333333333333333
Xherdan Shaqiri,29,2.2906849509738083,6,3.7093150490261917,0.07898913624047615,0.20689655172413793
Kylian Mbappé Lottin,74,7.028197646461448,10,2.9718023535385516,0.09497564387110065,0.13513513513513514
Denis Cheryshev,13,1.047035015991335,4,2.952964984008665,0.08054115507625655,0.3076923076923077
Harry Kane,53,7.180362359060677,10,2.819637640939323,0.13547853507661656,0.18867924528301888
Bukayo Saka,15,1.3198111187254145,4,2.6801888812745855,0.08798740791502763,0.26666666666666666
Patrik Schick,22,2.367637789780477,5,2.632362210219523,0.10761989953547622,0.22727272727272727
Emil Peter Forsberg,28,1.6918583505236016,4,2.3081416494763984,0.060423512518700054,0.14285714285714285
Ivan Perišić,51,3.763829624063503,6,2.236170375936497,0.07380058086399026,0.11764705882352941
Álvaro Borja Morata Martín,39,4.80232118079054,7,2.19767881920946,0.12313644053309077,0.1794871794871795
Ferrán Torres García,16,1.9665093505327467,4,2.0334906494672533,0.12290683440829667,0.25
Salem Mohammed Al Dawsari,13,0.9967397285982157,3,2.003260271401784,0.07667228681524736,0.23076923076923078
Youssef En-Nesyri,12,1.049675841474337,3,1.950324158525663,0.08747298678952808,0.25
Luka Modrić,21,1.0864357050008944,3,1.9135642949991056,0.05173503357147116,0.14285714285714285
Haris Seferović,15,1.118450275177786,3,1.881549724822214,0.07456335167851907,0.2
Roman Yaremchuk,17,1.424732603212085,3,1.575267396787915,0.08380780018894618,0.17647058823529413
Mario Mandžukić,12,1.7793901472228286,3,1.2206098527771714,0.14828251226856906,0.25
Andrej Kramarić,29,2.781726483305092,4,1.2182735166949081,0.09592160287258937,0.13793103448275862
Lionel Andrés Messi Cuccittini,44,2.795156131830974,4,1.2048438681690259,0.06352627572343122,0.09090909090909091
Breel-Donald Embolo,29,3.8144703445547474,5,1.1855296554452526,0.13153346015706024,0.1724137931034483
Paul Pogba,15,0.8437355470532222,2,1.1562644529467778,0.056249036470214814,0.13333333333333333
Wahbi Khazri,17,1.8865776447196636,3,1.1134223552803364,0.11097515557174492,0.17647058823529413
Lorenzo Insigne,19,0.9856900158057527,2,1.0143099841942473,0.0518784218845133,0.10526315789473684
Kevin De Bruyne,35,1.9879464469091679,3,1.0120535530908321,0.05679846991169051,0.08571428571428572
Marcus Rashford,16,2.0010252824444628,3,0.9989747175555372,0.12506408015277892,0.1875
Thomas Meunier,13,1.0362095010241823,2,0.9637904989758177,0.07970842315570634,0.15384615384615385
Nicholas Williams Arthuer,12,1.0478984906860198,2,0.9521015093139802,0.08732487422383499,0.16666666666666666
Joakim Mæhle,13,1.0622084468837105,2,0.9377915531162895,0.08170834206797774,0.15384615384615385
Federico Chiesa,24,1.1195584071663267,2,0.8804415928336733,0.04664826696526361,0.08333333333333333
Jamal Musiala,21,2.1578357500022425,3,0.8421642499977575,0.10275408333344012,0.14285714285714285
Niclas Füllkrug,17,3.159788921330988,4,0.8402110786690118,0.18586993654888165,0.23529411764705882
Denzel Dumfries,12,2.295348016985252,3,0.704651983014748,0.19127900141543766,0.25
Fabián Ruiz Peña,18,1.3805453226469886,2,0.6194546773530114,0.07669696236927714,0.1111111111111111
Heung-Min Son,23,1.4240407211484434,2,0.5759592788515566,0.0619148139629758,0.08695652173913043
Ciro Immobile,18,1.4771329703056695,2,0.5228670296943305,0.08206294279475941,0.1111111111111111
Mikel Oyarzabal Ugarte,15,1.4812062092615914,2,0.5187937907384086,0.09874708061743943,0.13333333333333333
Raheem Sterling,26,3.593855923385256,4,0.40614407661474416,0.13822522782250984,0.15384615384615385
Luis Alberto Suárez Díaz,16,1.602233481584217,2,0.39776651841578303,0.10013959259901356,0.125
Bruno Miguel Borges Fernandes,24,1.6153503660738597,2,0.38464963392614027,0.0673062652530775,0.08333333333333333
Edinson Roberto Cavani Gómez,19,2.633124085101042,3,0.3668759148989582,0.13858547816321273,0.15789473684210525
Carlos Henrique Casimiro,13,0.6872698508823861,1,0.3127301491176139,0.05286691160633739,0.07692307692307693
Andriy Yarmolenko,14,1.6900830925585333,2,0.3099169074414667,0.12072022089703809,0.14285714285714285
Philippe Coutinho Correia,23,1.7039258963130617,2,0.2960741036869383,0.07408373462230702,0.08695652173913043
Aurélien Djani Tchouaméni,18,0.7075718630297252,1,0.2924281369702748,0.03930954794609584,0.05555555555555555
Granit Xhaka,18,0.8602483908443088,1,0.13975160915569118,0.04779157726912827,0.05555555555555555
Harry Maguire,25,1.8776482632868556,2,0.12235173671314437,0.07510593053147423,0.08
Hakim Ziyech,19,0.8902425075601476,1,0.10975749243985244,0.046854868818955134,0.05263157894736842
Toni Kroos,23,0.8968290628624183,1,0.10317093713758174,0.03899256795053992,0.043478260869565216
Steven Zuber,12,0.9412657851184751,1,0.05873421488152486,0.07843881542653959,0.08333333333333333
João Félix Sequeira,18,0.9490381054693848,1,0.05096189453061517,0.0527243391927436,0.05555555555555555
John Stones,16,1.9987773585348638,2,0.0012226414651361761,0.12492358490842899,0.125
Olivier Giroud,36,4.011021165528365,4,-0.01102116552836474,0.11141725459801013,0.1111111111111111
Hirving Rodrigo Lozano Bahena,18,1.0161351119826976,1,-0.01613511198269757,0.05645195066570542,0.05555555555555555
Marco Asensio Willemsen,13,1.0189360962226657,1,-0.018936096222665677,0.07837969970943583,0.07692307692307693
Tomáš Souček,13,1.0380006504859294,1,-0.03800065048592938,0.07984620388353303,0.07692307692307693
Dan Ndoye,14,1.112063485226659,1,-0.1120634852266591,0.07943310608761851,0.07142857142857142
Daniel Olmo Carvajal,51,4.125569296244561,4,-0.12556929624456092,0.08089351561263845,0.0784313725490196
Robert Lewandowski,35,4.127642938878088,4,-0.12764293887808797,0.1179326553965168,0.11428571428571428
Romelu Lukaku Menama,42,7.141922757818167,7,-0.14192275781816743,0.17004577994805162,0.16666666666666666
Jesse Lingard,16,1.189003068808579,1,-0.1890030688085791,0.07431269180053619,0.0625
Adrien Rabiot,15,1.255207318356107,1,-0.255207318356107,0.08368048789040713,0.06666666666666667
Serge Gnabry,16,1.2956575247062814,1,-0.29565752470628137,0.08097859529414259,0.0625
Christian Dannemann Eriksen,29,2.3337129548866202,2,-0.33371295488662023,0.08047286051333173,0.06896551724137931
Kieffer Roberto Francisco Moore,12,1.3645860288539182,1,-0.3645860288539182,0.11371550240449319,0.08333333333333333
Marcel Sabitzer,23,1.3666339871083821,1,-0.36663398710838213,0.059418869004712264,0.043478260869565216
Ivan Rakitić,15,1.425756758090203,1,-0.4257567580902031,0.09505045053934687,0.06666666666666667
Lamine Yamal Nasraoui Ebana,18,1.4717321481209409,1,-0.4717321481209409,0.08176289711783005,0.05555555555555555
Piotr Zieliński,22,1.5307154607544957,1,-0.5307154607544957,0.06957797548884072,0.045454545454545456
Pierre-Emile Højbjerg,16,0.5382771755920253,0,-0.5382771755920253,0.03364232347450158,0.0
Ante Rebić,20,1.5452360072822764,1,-0.5452360072822764,0.07726180036411381,0.05
İlkay Gündoğan,14,1.6531610099402079,1,-0.6531610099402079,0.11808292928144341,0.07142857142857142
Juraj Kucka,13,0.6671497744235543,0,-0.6671497744235543,0.05131921341719648,0.0
Phil Foden,13,0.6790852755887167,0,-0.6790852755887167,0.05223732889143974,0.0
Michy Batshuayi Tunga,14,2.6836660999350404,2,-0.6836660999350404,0.19169043570964575,0.14285714285714285
Antonio Rüdiger,12,0.7619495006198965,0,-0.7619495006198965,0.06349579171832472,0.0
Eden Hazard,23,2.871136059394785,2,-0.871136059394785,0.12483200258238196,0.08695652173913043
Joshua Kimmich,18,0.9539361920803956,0,-0.9539361920803956,0.05299645511557753,0.0
Marcelo Brozović,12,1.0016986647762796,0,-1.0016986647762796,0.08347488873135663,0.0
Martin Braithwaite Christensen,21,2.069606506557579,1,-1.0696065065575788,0.09855269078845613,0.047619047619047616
Roland Sallai,16,1.1063186645141887,0,-1.1063186645141887,0.0691449165321368,0.0
Marcus Thuram,13,1.1200164880721117,0,-1.1200164880721117,0.08615511446708551,0.0
Ousmane Dembélé,20,1.1336294975517367,0,-1.1336294975517367,0.05668147487758683,0.0
Kai Havertz,33,5.146735372595973,4,-1.1467353725959732,0.15596167795745375,0.12121212121212122
Domenico Berardi,14,1.1871977117596286,0,-1.1871977117596286,0.08479983655425918,0.0
Cristiano Ronaldo dos Santos Aveiro,64,6.241119742354266,5,-1.2411197423542664,0.09751749597428541,0.078125
Yannick Ferreira Carrasco,17,1.2491831434526661,0,-1.2491831434526661,0.0734813613795686,0.0
Mateo Kovačić,17,1.3468842113757695,0,-1.3468842113757695,0.07922848302210408,0.0
Ismaïla Sarr,12,1.373481528780875,0,-1.373481528780875,0.11445679406507292,0.0
Thomas Müller,14,1.661092465565741,0,-1.661092465565741,0.11864946182612436,0.0
Antoine Griezmann,44,3.695513082648048,2,-1.695513082648048,0.08398893369654654,0.045454545454545456
Gerard Moreno Balaguero,15,1.7060076011565033,0,-1.7060076011565033,0.11373384007710022,0.0
Memphis Depay,39,4.792233194563458,3,-1.7922331945634582,0.12287777421957585,0.07692307692307693
Gabriel Fernando de Jesus,12,1.8734616191330222,0,-1.8734616191330222,0.15612180159441852,0.0
Aleksandar Mitrović,36,5.028184424352875,3,-2.028184424352875,0.13967178956535764,0.08333333333333333
Lautaro Javier Martínez,14,2.2826754070663458,0,-2.2826754070663458,0.16304824336188184,0.0
Neymar da Silva Santos Junior,38,5.504411500404454,3,-2.504411500404454,0.14485293422116985,0.07894736842105263
Marcus Berg,17,2.8733901746256714,0,-2.8733901746256714,0.1690229514485689,0.0
