match_id,competition,period,event_index,team,opponent,player,minute,second,x,y,is_goal,true_xg,statsbomb_xg,body_part,shot_type,technique,play_pattern,under_pressure,is_first_time,assisted,n_defenders_in_cone,n_defenders_within_3m,distance_to_nearest_defender,gk_distance_to_goal,gk_distance_to_shot
1,FIFA World Cup 2018,2,0,Team C,Team S,Player 178,82,53,106.69557724655097,39.81518726745282,0,0.1916107872111987,,Right Foot,Open Play,Normal,Regular Play,False,False,False,1.0,1.0,4.30837902827349,2.2781651637456872,10.006146834932979
1,FIFA World Cup 2018,2,1,Team S,Team C,Player 252,74,42,102.49888467227316,44.54005872755587,0,0.1062413938156212,,Left Foot,Open Play,Normal,From Corner,False,False,True,1.0,0.0,1.1204249051150128,3.2807113453896415,15.91457839585114
1,FIFA World Cup 2018,1,2,Team C,Team S,Player 230,29,38,105.68592798153547,42.40557456401914,0,0.10534968862079837,,Left Foot,Open Play,Normal,Regular Play,True,True,False,3.0,1.0,6.212396000682213,3.661934025509777,8.328562271018486
1,FIFA World Cup 2018,2,3,Team S,Team C,Player 308,53,43,99.3695111433823,34.91413028068976,0,0.07049463097262954,,Right Foot,Open Play,Normal,Regular Play,False,True,True,1.0,3.0,1.8176916166036576,1.7056888707200186,18.997863013028642
1,FIFA World Cup 2018,1,4,Team S,Team C,Player 106,44,46,107.75537169629294,44.911842936329386,0,0.19064631196282106,,Right Foot,Open Play,Normal,Regular Play,True,False,True,0.0,0.0,0.9551842971701334,1.413425133567927,11.212402070090908
1,FIFA World Cup 2018,2,5,Team C,Team S,Player 76,68,19,109.60117855221266,36.27063616509381,0,0.1444275019617486,,Right Foot,Open Play,Normal,Regular Play,True,False,True,3.0,1.0,1.9269089160819162,2.7151307619475795,8.662200690319725
1,FIFA World Cup 2018,1,6,Team S,Team C,Player 218,13,31,115.65786924290411,29.807664644539226,0,0.1709861111488132,,Left Foot,Open Play,Normal,Regular Play,False,True,False,2.0,1.0,3.1653352437098405,0.1,11.380276482503069
1,FIFA World Cup 2018,1,7,Team S,Team C,Player 385,42,19,95.72457860967313,38.25501679257443,0,0.04547721160257369,,Left Foot,Open Play,Normal,Regular Play,False,True,False,2.0,1.0,0.9875596269588561,5.0541636789221975,18.05181395013368
1,FIFA World Cup 2018,2,8,Team C,Team S,Player 13,91,7,109.2052364656236,32.797335350276704,0,0.09058345705548593,,Right Foot,Open Play,Normal,Regular Play,False,False,False,4.0,2.0,3.1972184089977236,2.719881324666287,8.420521809115957
1,FIFA World Cup 2018,2,9,Team C,Team S,Player 306,79,34,110.96141161425389,27.82249749752163,0,0.1471973352521462,,Right Foot,Open Play,Normal,From Corner,False,False,True,0.0,0.0,2.5009149362329213,0.1,14.99226602014256
1,FIFA World Cup 2018,1,10,Team C,Team S,Player 3,19,57,97.77986870606803,40.336946418538595,0,0.03169157488430098,,Right Foot,Open Play,Normal,From Throw In,True,False,True,3.0,0.0,2.7996350801656797,1.1987343133199602,21.15968623658817
1,FIFA World Cup 2018,2,11,Team C,Team S,Player 110,57,27,108.0,40.0,0,0.759510916949111,,Head,Penalty,Normal,Regular Play,False,True,True,2.0,1.0,1.5012775607488587,3.8486328769511733,8.009973291669992
1,FIFA World Cup 2018,1,12,Team S,Team C,Player 172,23,35,115.23299088925879,71.95573886164448,0,0.008424344714226518,,Right Foot,Open Play,Normal,From Counter,True,False,True,2.0,1.0,0.6261276102046944,2.180335011989254,30.477262465956592
1,FIFA World Cup 2018,2,13,Team S,Team C,Player 335,65,50,104.46707051559294,40.00092832400556,0,0.0945692166766913,,Head,Open Play,Normal,Regular Play,True,True,True,1.0,0.0,0.8449617963637195,2.8152990701765663,13.437845547058508
1,FIFA World Cup 2018,2,14,Team S,Team C,Player 202,86,21,111.59087807057985,40.57713478191868,1,0.41828890566452476,,Left Foot,Corner,Normal,Regular Play,False,False,False,1.0,1.0,1.7236211690553846,2.8935945804569316,8.126334357533057
1,FIFA World Cup 2018,1,15,Team S,Team C,Player 254,31,5,115.02084848356127,54.300490541688546,0,0.027431455308755893,,Head,Open Play,Normal,Regular Play,True,False,False,3.0,0.0,4.6178175203551675,3.4388204109011937,11.417725235170057
1,FIFA World Cup 2018,2,16,Team S,Team C,Player 291,69,45,117.1575168477723,27.107920881457026,0,0.08200437149025018,,Head,Open Play,Normal,From Counter,False,False,False,0.0,1.0,2.9439067388752673,3.2305137666693278,6.534272103411274
1,FIFA World Cup 2018,2,17,Team S,Team C,Player 71,76,33,101.82611912390152,56.2354395285886,0,0.025229103973607874,,Left Foot,Open Play,Normal,Regular Play,False,False,True,3.0,1.0,3.0971356298333514,1.2297567016259088,22.95237158007543
1,FIFA World Cup 2018,2,18,Team S,Team C,Player 5,89,18,98.71705812705403,54.618566494806885,0,0.02780818273687908,,Left Foot,Open Play,Normal,From Throw In,True,False,False,0.0,2.0,5.5907025231785115,0.9980233430726326,22.419937774397983
1,FIFA World Cup 2018,2,19,Team S,Team C,Player 363,88,2,107.37753998406066,45.05324348888273,0,0.18799910826067123,,Right Foot,Open Play,Normal,From Goal Kick,False,False,True,1.0,0.0,2.023527123585175,3.4846341705009025,9.521142069889073
1,FIFA World Cup 2018,1,20,Team C,Team S,Player 22,0,11,118.35480253184465,23.695960628128972,0,0.03200571051844502,,Head,Open Play,Normal,Regular Play,False,False,False,2.0,0.0,5.734426890237548,1.4951221314070455,14.000112744018944
1,FIFA World Cup 2018,1,21,Team C,Team S,Player 216,25,18,85.27162608959375,44.321102150859105,0,0.01379103939167247,,Left Foot,Open Play,Normal,Regular Play,False,False,True,0.0,2.0,3.1952878691804334,2.8943944027389774,32.644657857958
1,FIFA World Cup 2018,2,22,Team C,Team S,Player 336,55,13,110.57884600175588,44.217148245007174,1,0.4295134412086547,,Left Foot,Open Play,Normal,Regular Play,False,True,True,0.0,0.0,1.1143352851687605,2.4689645824553725,8.323839508399239
1,FIFA World Cup 2018,2,23,Team S,Team C,Player 52,56,55,111.50119337829072,61.309542786724684,0,0.03611672112867132,,Right Foot,Open Play,Normal,From Counter,False,False,False,2.0,1.0,2.344809268010852,2.76769569115033,22.323929131562416
1,FIFA World Cup 2018,2,24,Team S,Team C,Player 282,48,51,113.55600931958203,30.633090918956555,0,0.18623784925177816,,Left Foot,Open Play,Normal,Regular Play,True,False,True,0.0,0.0,1.8187223764488634,0.30231269894185164,10.563709023730812
2,UEFA Euro 2020,2,25,Team J,Team I,Player 132,57,4,71.17995390421041,33.84470485345562,0,0.001217091166821488,,Left Foot,Open Play,Normal,From Corner,True,False,True,2.0,3.0,1.0685589034680179,2.2703872159659277,49.04189483386252
2,UEFA Euro 2020,2,26,Team I,Team J,Player 297,72,32,87.9911157303394,29.647656944825457,0,0.005983983232478179,,Head,Open Play,Normal,Regular Play,True,True,True,2.0,2.0,2.0241596438387446,2.308978154343927,31.637443046182526
2,UEFA Euro 2020,1,27,Team I,Team J,Player 168,32,18,102.2228116308988,62.385806330041746,0,0.014279636117295129,,Left Foot,Open Play,Normal,From Throw In,False,False,True,2.0,3.0,4.367772739077639,2.3084220310935795,25.298087529687567
2,UEFA Euro 2020,2,28,Team J,Team I,Player 328,57,44,105.38766806479671,42.088277321211876,0,0.099854952515724,,Other,Open Play,Normal,From Counter,False,False,False,4.0,1.0,1.1234122824445214,4.433339378199545,8.493896785735577
2,UEFA Euro 2020,2,29,Team I,Team J,Player 148,71,6,117.41815967375481,35.340327328930776,1,0.5525408070029068,,Left Foot,Open Play,Normal,From Goal Kick,False,False,True,1.0,1.0,3.4543856007898146,3.0377192367234445,0.2
2,UEFA Euro 2020,2,30,Team I,Team J,Player 210,64,20,103.45574411999283,25.891018847134262,0,0.025298357491934226,,Head,Open Play,Normal,Regular Play,True,False,False,0.0,2.0,1.4958785480163945,4.1351711677640095,16.047356841480763
2,UEFA Euro 2020,2,31,Team I,Team J,Player 88,81,29,118.21947333334958,36.85154755175264,0,0.7014325708803524,,Head,Open Play,Normal,Regular Play,True,False,False,2.0,0.0,2.085973110229861,0.4231940733913384,3.4404388468932
2,UEFA Euro 2020,1,32,Team J,Team I,Player 393,12,44,115.26604727142754,43.513402901703515,1,0.58961520596585,,Right Foot,Open Play,Normal,From Counter,True,False,False,1.0,0.0,2.1889568161108564,0.5612099928151864,6.057168742958669
2,UEFA Euro 2020,2,33,Team J,Team I,Player 312,56,30,113.16630100988804,49.193886859457706,0,0.08749907077964929,,Right Foot,Open Play,Normal,From Free Kick,True,False,False,2.0,4.0,1.570107585347847,4.298049328356078,6.469125212692423
2,UEFA Euro 2020,1,34,Team I,Team J,Player 196,41,23,118.88975450406339,31.393420326424096,0,0.19353977743629575,,Right Foot,Open Play,Normal,Regular Play,False,False,True,0.0,0.0,2.2319005003786088,1.3288494206621142,5.983183086815786
2,UEFA Euro 2020,1,35,Team J,Team I,Player 193,39,2,100.50781981831652,39.86706884132906,0,0.05450975664216174,,Left Foot,Open Play,Normal,Regular Play,True,False,False,2.0,0.0,0.5389744583923075,4.253414640064395,15.66309928719002
2,UEFA Euro 2020,1,36,Team J,Team I,Player 358,44,46,107.34175771206364,37.935619099787026,0,0.13201084951411704,,Head,Open Play,Normal,Regular Play,True,True,True,1.0,1.0,0.327692853032393,3.617005871620635,11.904859249154285
2,UEFA Euro 2020,2,37,Team I,Team J,Player 264,82,43,110.3350212587115,62.536312159496156,0,0.03139857895827855,,Other,Open Play,Normal,Regular Play,False,False,False,1.0,1.0,3.684152826008216,0.3596666443429801,24.28712667580171
2,UEFA Euro 2020,2,38,Team I,Team J,Player 166,67,32,91.35050198896981,54.856876330479224,0,0.023897218578557353,,Right Foot,Open Play,Normal,Regular Play,False,True,True,1.0,0.0,7.323424161023226,2.5137345269097593,30.13204333644842
2,UEFA Euro 2020,2,39,Team J,Team I,Player 287,59,59,113.35961417154114,45.62343996002288,0,0.273663007060974,,Left Foot,Open Play,Normal,From Free Kick,True,False,True,1.0,1.0,3.01323104292451,4.044797333926079,6.306769749772534
2,UEFA Euro 2020,1,40,Team J,Team I,Player 352,40,44,109.57427805121125,42.78173296466889,0,0.31709230521685144,,Right Foot,Open Play,Normal,Regular Play,False,False,False,0.0,1.0,6.016030003569435,2.881827385209494,6.165498954660979
2,UEFA Euro 2020,2,41,Team I,Team J,Player 251,84,23,108.88144893450719,10.598821235867682,0,0.012970037480997417,,Left Foot,Open Play,Normal,From Counter,True,False,False,1.0,1.0,1.7773024045471169,2.54269177238155,31.521131113778342
2,UEFA Euro 2020,1,42,Team I,Team J,Player 189,30,45,98.62780423674087,50.65897657303444,0,0.02569548422063589,,Head,Open Play,Normal,Regular Play,True,False,True,0.0,0.0,3.188774026754859,3.2998872023314405,19.109808247157538
2,UEFA Euro 2020,2,43,Team I,Team J,Player 245,84,58,98.889072096043,35.52361876350185,0,0.04154943133216109,,Left Foot,Open Play,Normal,Regular Play,True,False,False,2.0,0.0,1.9563111111270126,2.4664210521637386,19.452216803757732
2,UEFA Euro 2020,2,44,Team J,Team I,Player 241,91,56,105.11577983424124,35.255266179365385,0,0.11206021631717857,,Right Foot,Open Play,Normal,From Free Kick,False,False,True,1.0,3.0,0.5128688029655891,2.62306382047152,12.777952477266835
3,FIFA World Cup 2022,1,45,Team J,Team C,Player 132,9,31,115.13446873357117,44.3673663001704,0,0.5581737929716735,,Right Foot,Open Play,Normal,Regular Play,False,False,False,0.0,1.0,0.3175622282425643,1.4595936924118884,5.257385729799521
3,FIFA World Cup 2022,2,46,Team C,Team J,Player 29,47,27,103.8084353088683,40.83284616752517,0,0.14043321209452966,,Right Foot,Open Play,Normal,From Throw In,False,False,True,1.0,0.0,4.478796496967789,2.7539316793540602,14.788629373023559
3,FIFA World Cup 2022,1,47,Team J,Team C,Player 85,38,55,104.63311293300976,44.211743100235545,0,0.1324860937904765,,Left Foot,Open Play,Normal,Regular Play,True,False,True,0.0,0.0,1.5632794420001705,2.4976961761883847,14.047970299552526
3,FIFA World Cup 2022,1,48,Team J,Team C,Player 222,42,10,108.18017495310731,37.185847215250945,0,0.18946245322032074,,Right Foot,Open Play,Normal,Regular Play,True,True,False,2.0,1.0,1.6646065682688191,3.0325752512597255,9.812694272148045
3,FIFA World Cup 2022,2,49,Team C,Team J,Player 186,65,26,101.34439028321927,43.641441704958154,0,0.051547401247455917,,Left Foot,Open Play,Normal,From Goal Kick,False,False,True,3.0,2.0,2.577744977162394,2.4288608247688814,15.48488805025266
3,FIFA World Cup 2022,1,50,Team C,Team J,Player 296,12,12,100.89003894593824,48.318729799927866,0,0.05396409007166419,,Right Foot,Open Play,Normal,Regular Play,True,False,False,1.0,0.0,1.8725504437350395,3.243642358578975,18.108240565349067
3,FIFA World Cup 2022,2,51,Team J,Team C,Player 131,52,19,110.82389250116432,40.39665919477575,0,0.44715433201543797,,Left Foot,Open Play,Normal,Regular Play,False,False,False,0.0,0.0,2.3308171709192598,1.8306743848126916,8.562520342832228
3,FIFA World Cup 2022,2,52,Team J,Team C,Player 115,52,13,106.93879855416876,30.54873379566873,0,0.05002569730613495,,Head,Open Play,Normal,From Throw In,False,False,False,3.0,0.0,2.6147704250164954,2.6420174960658454,14.147151259559463
3,FIFA World Cup 2022,2,53,Team J,Team C,Player 375,78,8,112.73661516933295,28.20841192480759,1,0.08602590640045257,,Left Foot,Free Kick,Normal,From Free Kick,True,False,True,2.0,0.0,5.6213817686354774,1.7960978979149194,14.205978971371525
3,FIFA World Cup 2022,2,54,Team J,Team C,Player 130,75,47,106.85963367369794,24.62079374221264,0,0.013517448291686943,,Head,Open Play,Normal,Regular Play,False,False,True,5.0,2.0,5.029825660995156,3.2180164564898592,17.789900252047588
3,FIFA World Cup 2022,2,55,Team J,Team C,Player 340,79,46,92.21801692261108,56.36138118654449,0,0.016981881444417236,,Head,Open Play,Normal,Regular Play,False,True,False,0.0,0.0,3.0291831416969592,3.0403807336525754,29.206077606822237
3,FIFA World Cup 2022,1,56,Team C,Team J,Player 304,3,5,84.35837567355503,37.31714278804928,0,0.004323381155651253,,Head,Open Play,Normal,From Free Kick,False,False,True,2.0,3.0,0.2,1.8481950027326635,33.916052072256605
3,FIFA World Cup 2022,1,57,Team C,Team J,Player 186,16,1,96.22567840047994,50.58923329735525,0,0.023566776515975156,,Right Foot,Open Play,Normal,From Corner,False,False,False,3.0,1.0,0.5317354426130176,1.466989985771716,28.245099148211906
3,FIFA World Cup 2022,1,58,Team J,Team C,Player 311,4,10,118.1475984722264,29.02362818431572,0,0.11780896908888162,,Left Foot,Open Play,Normal,From Free Kick,False,False,True,1.0,1.0,3.6742403275050775,0.8483350011064625,9.808950973550962
3,FIFA World Cup 2022,2,59,Team J,Team C,Player 138,85,21,96.53973524066475,48.25133993350639,0,0.04890822978575289,,Right Foot,Open Play,Normal,From Counter,True,False,True,0.0,0.0,1.5602866810182536,2.3771239520666843,21.516060217942325
3,FIFA World Cup 2022,1,60,Team C,Team J,Player 35,5,34,105.028144978447,34.620147850691836,0,0.06504544444576665,,Head,Open Play,Normal,From Throw In,True,True,True,1.0,3.0,4.052758187209533,3.128741145031205,13.87342357857698
3,FIFA World Cup 2022,2,61,Team J,Team C,Player 321,77,55,115.35570085506734,40.95156096113608,0,0.7484627055632929,,Right Foot,Open Play,Normal,From Counter,True,False,True,0.0,1.0,6.890649537978036,3.753847374945313,1.0889112776319263
3,FIFA World Cup 2022,1,62,Team J,Team C,Player 213,37,15,97.089623864361,31.233979117736407,0,0.050274805508626,,Left Foot,Open Play,Normal,From Counter,True,False,True,0.0,0.0,4.645657860853856,3.4549336116930798,20.404483933315113
3,FIFA World Cup 2022,2,63,Team J,Team C,Player 227,79,47,101.12744252013884,56.906622193094094,1,0.023319570602937375,,Head,Free Kick,Normal,Regular Play,False,False,True,0.0,2.0,5.223844567827024,0.1,26.431620951333635
3,FIFA World Cup 2022,1,64,Team J,Team C,Player 364,31,25,79.95994416898169,41.86677199657093,0,0.0030115882616785395,,Right Foot,Free Kick,Normal,From Corner,False,False,False,5.0,0.0,3.628956766464155,2.198676894355705,34.163809442989304
3,FIFA World Cup 2022,1,65,Team J,Team C,Player 384,35,31,115.61852759507534,32.57374652642193,0,0.35742511109769637,,Right Foot,Open Play,Normal,Regular Play,False,True,True,1.0,0.0,1.4594896993355886,0.6245387855921807,8.341060290031688
3,FIFA World Cup 2022,1,66,Team J,Team C,Player 218,20,18,100.01196483725944,28.177573848005146,0,0.017458122602518347,,Head,Open Play,Normal,Regular Play,False,False,True,3.0,1.0,1.5049498911194112,5.271813306508093,18.44109838448393
3,FIFA World Cup 2022,2,67,Team J,Team C,Player 80,86,5,102.15697927536024,43.878899243088895,0,0.06347907748713162,,Head,Open Play,Normal,Regular Play,False,False,False,1.0,0.0,0.3934991179657507,2.0443761698289267,16.78081680843088
3,FIFA World Cup 2022,2,68,Team J,Team C,Player 78,83,55,103.9044479399322,39.73272877852103,0,0.10874394072189962,,Left Foot,Open Play,Normal,Regular Play,False,False,False,2.0,1.0,2.5077321585057972,1.1961185684912916,15.406253804002658
3,FIFA World Cup 2022,2,69,Team J,Team C,Player 264,58,37,103.28161335105548,60.48549317534368,0,0.03803226734134478,,Right Foot,Open Play,Normal,Regular Play,False,False,True,0.0,0.0,1.5527505637150854,3.33360473395409,23.491887162202083
3,FIFA World Cup 2022,1,70,Team J,Team C,Player 329,19,6,75.33975917892116,53.87031055919283,0,0.0012160957849798452,,Right Foot,Open Play,Normal,Regular Play,True,False,False,3.0,3.0,4.425582367895805,3.394598687829979,42.963553648075845
3,FIFA World Cup 2022,2,71,Team J,Team C,Player 78,47,51,108.59276387576712,7.488192932204228,0,0.008192927711851834,,Left Foot,Open Play,Normal,Regular Play,False,True,False,2.0,4.0,3.3815756784597597,2.025707025995834,34.63000114093291
3,FIFA World Cup 2022,2,72,Team J,Team C,Player 225,60,6,104.40875083265571,32.02927843330503,0,0.10149332474074894,,Right Foot,Open Play,Normal,Regular Play,False,False,False,1.0,1.0,5.014593810526714,0.1,17.124411924763926
3,FIFA World Cup 2022,2,73,Team C,Team J,Player 96,91,46,85.5379980268679,46.19644380868067,0,0.009583809330149106,,Head,Open Play,Normal,From Corner,False,True,True,1.0,1.0,2.2925718309244023,1.213958407765907,33.27026635608953
3,FIFA World Cup 2022,2,74,Team J,Team C,Player 216,71,45,115.62518154528796,33.12936250963303,1,0.31251188742034963,,Right Foot,Open Play,Normal,Regular Play,False,False,True,1.0,0.0,2.4582440074217065,3.574726291977215,1.5742990207408871
3,FIFA World Cup 2022,2,75,Team C,Team J,Player 257,89,50,110.45592388822286,26.051846914716034,0,0.1127020898226696,,Left Foot,Open Play,Normal,From Throw In,False,False,True,0.0,0.0,0.2109630284282382,3.1664322742102904,14.198553380166263
3,FIFA World Cup 2022,1,76,Team J,Team C,Player 2,10,40,99.92271847089715,29.76708844002944,0,0.014877866749675395,,Head,Open Play,Normal,From Throw In,True,False,True,3.0,1.0,0.4924651294590301,1.801934380957304,20.18449485242877
4,UEFA Euro 2024,2,77,Team P,Team E,Player 270,77,0,111.02586167030844,31.017673817988676,0,0.08529718841224318,,Head,Open Play,Normal,Regular Play,True,False,True,1.0,0.0,1.957969276635535,2.4844734782756945,8.032266744188231
4,UEFA Euro 2024,2,78,Team E,Team P,Player 54,54,58,104.53011958282308,38.31671536173165,0,0.08818709409928188,,Head,Corner,Normal,Regular Play,True,False,True,0.0,0.0,1.6030552902091602,0.8080363562993491,14.492397513805638
4,UEFA Euro 2024,1,79,Team P,Team E,Player 372,39,13,105.62198429460537,28.256468540506255,0,0.08640724806587573,,Left Foot,Open Play,Normal,Regular Play,False,True,True,1.0,3.0,1.9062719446108642,2.5943184473380447,14.952999022480173
4,UEFA Euro 2024,2,80,Team P,Team E,Player 49,81,46,113.44299437893923,40.51213220660647,1,0.6357264959096002,,Left Foot,Open Play,Normal,Regular Play,False,False,False,0.0,0.0,4.873860229940528,1.5030761420735972,5.292806448227382
4,UEFA Euro 2024,2,81,Team P,Team E,Player 101,90,31,97.00105584509136,37.758399527629976,0,0.061416616101474635,,Left Foot,Open Play,Normal,From Free Kick,False,True,True,1.0,2.0,1.2901727520114104,4.027459322505596,19.884911285167725
4,UEFA Euro 2024,1,82,Team E,Team P,Player 192,18,53,117.74530837233526,41.414837517403924,0,0.9371123074514385,,Other,Open Play,Normal,Regular Play,False,False,False,0.0,0.0,2.336948820365929,1.6615834768182043,0.8662772999261721
4,UEFA Euro 2024,1,83,Team E,Team P,Player 144,28,44,117.30021581519723,44.00977541792083,1,0.48829915525137657,,Head,Open Play,Normal,Regular Play,True,False,False,1.0,0.0,1.4893520515062555,2.3303253974274374,3.813215806472944
4,UEFA Euro 2024,1,84,Team E,Team P,Player 24,24,20,112.00368240189943,44.51233217247506,0,0.2852558371440449,,Left Foot,Free Kick,Normal,Regular Play,True,True,False,2.0,1.0,1.605997573405077,3.7299060317504793,5.205788670495329
4,UEFA Euro 2024,2,85,Team E,Team P,Player 164,55,52,114.82101452042126,33.579516075132005,0,0.3771654023653917,,Right Foot,Open Play,Normal,Regular Play,True,True,True,0.0,1.0,2.514225095053168,1.8648732319601282,6.493949027040913
4,UEFA Euro 2024,2,86,Team P,Team E,Player 301,61,12,116.69559276486112,50.060864593855314,0,0.23287936286689995,,Left Foot,Open Play,Normal,Regular Play,False,True,True,0.0,1.0,3.7689073827694552,1.8076043543469598,9.252746621941329
4,UEFA Euro 2024,2,87,Team P,Team E,Player 338,66,49,112.81207117378429,52.09110711102594,0,0.09968899835899557,,Left Foot,Free Kick,Normal,From Counter,False,False,True,3.0,1.0,0.7527557141734709,1.398695755098983,16.881971786580316
4,UEFA Euro 2024,2,88,Team P,Team E,Player 235,52,10,116.11769550119074,52.31450748883208,0,0.08164466348119706,,Head,Open Play,Normal,Regular Play,False,False,False,0.0,1.0,0.9690325581224725,3.955460430067787,10.620280304587558
4,UEFA Euro 2024,1,89,Team P,Team E,Player 377,20,30,107.93672893328134,36.69158956668591,0,0.304028694185662,,Left Foot,Open Play,Normal,Regular Play,False,True,False,0.0,1.0,1.8252302540245946,2.61082484590535,7.016521760346208
4,UEFA Euro 2024,2,90,Team P,Team E,Player 180,72,59,118.25865840512444,43.01184229855871,0,0.863839262600111,,Right Foot,Open Play,Normal,Regular Play,False,False,False,1.0,2.0,3.70293785706672,3.3085532724013094,1.4612446786497564
4,UEFA Euro 2024,2,91,Team E,Team P,Player 393,86,33,107.34965108810532,44.560779135293735,0,0.19394712907331574,,Left Foot,Open Play,Normal,Regular Play,False,False,False,1.0,0.0,4.309749440540161,0.9276439002814729,9.463143525855834
4,UEFA Euro 2024,1,92,Team P,Team E,Player 219,2,10,112.71878451907484,36.70728301473106,1,0.5490917224720001,,Right Foot,Open Play,Normal,Regular Play,False,True,False,0.0,1.0,0.87074777620233,3.72891860780923,4.697034935128272
4,UEFA Euro 2024,2,93,Team E,Team P,Player 217,86,38,105.65210489501308,33.820128021218515,0,0.17010321034598394,,Left Foot,Open Play,Normal,From Counter,False,False,True,1.0,0.0,3.9039198938835864,1.9518280231136031,13.822536042481822
4,UEFA Euro 2024,2,94,Team P,Team E,Player 122,58,55,117.12078503102852,51.269639429693584,1,0.15647868229017778,,Left Foot,Open Play,Normal,From Counter,True,True,True,1.0,0.0,0.8790883556788568,3.7855654467155384,8.750462887188577
4,UEFA Euro 2024,2,95,Team E,Team P,Player 289,91,30,106.51075416548942,44.7900416955316,0,0.08654891964534223,,Head,Open Play,Normal,From Counter,True,False,False,1.0,1.0,0.5599618994897381,3.7322868955847435,7.69993333811707
4,UEFA Euro 2024,1,96,Team E,Team P,Player 217,29,9,114.84384000604834,48.05670590739122,0,0.22929484135035105,,Right Foot,Corner,Normal,Regular Play,False,False,True,1.0,1.0,1.1636810971287266,2.6137922316764506,5.109714516356034
5,FIFA World Cup 2018,1,97,Team C,Team K,Player 84,32,26,80.01004592505024,42.69908109894865,0,0.004946811293700339,,Right Foot,Open Play,Normal,From Free Kick,False,False,True,2.0,2.0,1.932044967056444,3.082112642196535,37.35640635741462
5,FIFA World Cup 2018,1,98,Team C,Team K,Player 295,39,6,110.39163005335118,58.662453512679356,0,0.04268198015500484,,Right Foot,Open Play,Normal,From Corner,True,True,True,1.0,2.0,1.1815514271061835,2.7380573927517275,17.101780265640183
5,FIFA World Cup 2018,2,99,Team K,Team C,Player 42,75,50,108.0,40.0,1,0.759510916949111,,Right Foot,Penalty,Normal,From Counter,False,True,False,3.0,1.0,2.818775650375184,3.8472139054764862,8.011494231497263
5,FIFA World Cup 2018,1,100,Team C,Team K,Player 283,31,18,84.25186443675184,39.88784272812449,0,0.004249905724107477,,Head,Open Play,Normal,Regular Play,False,True,True,4.0,2.0,0.2,1.9263003306954105,35.78438108523269
5,FIFA World Cup 2018,1,101,Team K,Team C,Player 381,2,14,100.0762148590533,50.96210372948244,0,0.03312225498676689,,Left Foot,Open Play,Normal,Regular Play,True,False,False,1.0,2.0,2.5230738352117297,3.4202407519948728,17.48308318032671
5,FIFA World Cup 2018,2,102,Team C,Team K,Player 134,71,16,101.91662908948851,20.08765346804502,0,0.021489487351832696,,Left Foot,Open Play,Normal,From Corner,False,False,True,2.0,1.0,3.429938646263042,2.0894165311215436,22.698350592783008
5,FIFA World Cup 2018,1,103,Team C,Team K,Player 68,3,26,116.07930183082951,40.59127819289552,0,0.7447160348171008,,Right Foot,Open Play,Normal,Regular Play,True,True,True,3.0,0.0,1.3706841216384196,2.7341247677714655,2.175013906459217
5,FIFA World Cup 2018,2,104,Team K,Team C,Player 20,73,52,98.37374522050695,20.110415484421793,0,0.00819592032194369,,Other,Open Play,Normal,From Corner,True,False,True,4.0,1.0,3.350297377928609,2.7382943448178203,27.37758661348206
5,FIFA World Cup 2018,1,105,Team K,Team C,Player 370,25,31,99.63163281217776,40.48638703190201,0,0.08458617170904871,,Right Foot,Free Kick,Normal,Regular Play,False,True,True,2.0,0.0,9.62251287992755,2.8889070667840566,16.28705802287024
5,FIFA World Cup 2018,1,106,Team C,Team K,Player 104,16,19,92.89815611118757,36.34614617177094,0,0.049905304897385594,,Right Foot,Open Play,Normal,From Counter,False,True,False,1.0,1.0,3.92085216878142,1.2093132566283815,26.474172579999376
5,FIFA World Cup 2018,2,107,Team K,Team C,Player 220,56,53,113.34631140580846,29.616511228057973,1,0.19983114151317702,,Other,Open Play,Normal,Regular Play,False,False,False,0.0,0.0,1.3874472167215932,1.2069001028755448,10.676033324676347
5,FIFA World Cup 2018,1,108,Team C,Team K,Player 217,24,15,102.77608355879863,35.892501694937295,0,0.08303565177957166,,Right Foot,Open Play,Normal,From Corner,True,False,False,1.0,0.0,8.181592414861424,3.3713180337356015,12.938986764914297
5,FIFA World Cup 2018,1,109,Team C,Team K,Player 13,37,7,109.39851076919622,37.63335917651758,0,0.18024449182932276,,Right Foot,Open Play,Normal,Regular Play,False,False,False,4.0,0.0,4.073253379857542,4.050023758790408,9.479895757533164
5,FIFA World Cup 2018,2,110,Team C,Team K,Player 198,72,53,112.76745372203743,41.01947390631904,1,0.4580725177144753,,Left Foot,Open Play,Normal,From Corner,False,False,True,1.0,2.0,0.8773685062245848,4.399395336128,1.5194285801327696
5,FIFA World Cup 2018,2,111,Team C,Team K,Player 349,73,26,110.37851876881004,31.134070302850226,0,0.21389160757977269,,Left Foot,Open Play,Normal,Regular Play,True,True,False,0.0,0.0,5.1378790727402075,2.398576142186232,11.697627022103006
5,FIFA World Cup 2018,1,112,Team K,Team C,Player 159,31,59,105.54145761962161,46.06016818982894,0,0.12007145161302224,,Other,Open Play,Normal,Regular Play,True,True,True,1.0,2.0,3.1696755193260717,3.2575296761458916,13.782275783174935
5,FIFA World Cup 2018,1,113,Team K,Team C,Player 1,20,3,112.10187452060796,53.587721271412995,0,0.0619771263810989,,Right Foot,Open Play,Normal,From Free Kick,True,False,False,2.0,0.0,3.2373080360914113,3.943240967843375,11.133293757946245
5,FIFA World Cup 2018,2,114,Team C,Team K,Player 367,82,41,111.83793239324646,34.60755634957347,0,0.19219483110364596,,Head,Open Play,Normal,Regular Play,False,False,False,1.0,1.0,4.16835351266336,4.142541558284275,5.723892505995025
5,FIFA World Cup 2018,1,115,Team C,Team K,Player 134,25,44,75.2411484390001,44.61411382138573,0,0.0017706696885930056,,Right Foot,Open Play,Normal,Regular Play,True,False,True,3.0,2.0,2.2731241689757917,2.6015935368793164,46.545613899416175
5,FIFA World Cup 2018,1,116,Team K,Team C,Player 363,6,58,109.47756866188327,37.92555253693389,0,0.2070874435974766,,Left Foot,Open Play,Normal,From Goal Kick,True,True,True,2.0,3.0,2.6152359377305245,3.951117482110453,9.130852141371589
5,FIFA World Cup 2018,1,117,Team K,Team C,Player 268,40,45,68.63214947960853,52.313368781982184,0,0.0007082621243271531,,Left Foot,Open Play,Normal,Regular Play,False,True,True,4.0,6.0,3.8008703924614955,0.569431948876034,53.25645586073271
5,FIFA World Cup 2018,2,118,Team K,Team C,Player 222,95,40,117.4438040597249,30.237897927836244,0,0.08568128692425855,,Left Foot,Open Play,Normal,Regular Play,True,False,False,2.0,2.0,1.0920914635432397,2.848879813440187,6.710461514719057
5,FIFA World Cup 2018,1,119,Team K,Team C,Player 394,8,14,117.57630722116772,52.2096660741627,0,0.08138310132977572,,Left Foot,Open Play,Normal,From Counter,True,False,False,2.0,0.0,2.5205615200023206,5.028261679933776,6.554366330092579
5,FIFA World Cup 2018,1,120,Team C,Team K,Player 251,10,40,114.84931551715549,37.33119047859698,1,0.5118378181079459,,Head,Open Play,Normal,Regular Play,False,False,True,0.0,2.0,0.9809498570342203,3.483211716471696,6.223270302032682
5,FIFA World Cup 2018,2,121,Team C,Team K,Player 397,91,12,112.02524932106752,45.952439220398446,0,0.23291015027235576,,Head,Open Play,Normal,Regular Play,False,False,True,0.0,0.0,0.7170384511585192,2.3144670896561093,5.85350310198179
5,FIFA World Cup 2018,1,122,Team K,Team C,Player 332,15,14,100.98762878456087,34.92871091361078,0,0.04341361182345253,,Right Foot,Open Play,Normal,From Throw In,False,False,False,3.0,3.0,2.1567100749889976,2.628526036011366,18.320511261517662
5,FIFA World Cup 2018,2,123,Team K,Team C,Player 100,50,30,99.0903282048169,48.42550997998856,0,0.04722259495607311,,Right Foot,Open Play,Normal,Regular Play,False,False,False,2.0,0.0,4.67240270487914,3.9612702249413636,19.961236666226654
5,FIFA World Cup 2018,2,124,Team C,Team K,Player 141,57,0,112.46259012029462,42.378251439549565,1,0.4288648389664308,,Other,Open Play,Normal,Regular Play,False,False,False,1.0,2.0,3.4599515414595197,0.3394255699189834,10.403857495066244
6,UEFA Euro 2020,1,125,Team N,Team K,Player 314,15,39,102.38656506304793,41.60066285869155,0,0.05448352436029034,,Left Foot,Open Play,Normal,Regular Play,True,False,True,3.0,1.0,2.2519567179502973,2.1257304252935203,18.59124653396192
6,UEFA Euro 2020,1,126,Team N,Team K,Player 235,33,29,111.32454085178536,44.27941349477139,1,0.17065103138510773,,Right Foot,Free Kick,Normal,Regular Play,True,False,False,3.0,2.0,3.221269547848611,3.063232791544929,10.019774022278591
6,UEFA Euro 2020,2,127,Team K,Team N,Player 364,85,55,104.15598361966508,29.398472940421726,0,0.034463346122835754,,Right Foot,Open Play,Normal,From Free Kick,True,False,False,2.0,4.0,8.8134641803446,3.355596910414119,13.295839410905591
6,UEFA Euro 2020,1,128,Team N,Team K,Player 49,37,28,96.11293908847205,55.52448684464383,0,0.016804118692284334,,Right Foot,Open Play,Normal,Regular Play,True,False,False,1.0,2.0,1.4043816954005846,0.271827517671801,27.198321778111225
6,UEFA Euro 2020,2,129,Team K,Team N,Player 374,78,52,112.98718557564095,56.91093307087583,0,0.05011674723510401,,Right Foot,Open Play,Normal,From Counter,True,False,True,1.0,2.0,2.3429670579965167,3.948910033973441,13.864630223449884
6,UEFA Euro 2020,2,130,Team K,Team N,Player 162,66,0,108.63071365802703,29.47479615832389,0,0.12816201570678568,,Left Foot,Open Play,Normal,From Throw In,True,True,False,1.0,0.0,2.6395574604094714,1.5078290735283117,13.954354676491693
6,UEFA Euro 2020,2,131,Team N,Team K,Player 23,53,31,103.41756908918194,32.299075673895224,0,0.13101174331352022,,Right Foot,Open Play,Normal,From Corner,False,True,True,1.0,0.0,3.818474637892282,1.9427435293654618,17.06841374945138
6,UEFA Euro 2020,2,132,Team N,Team K,Player 362,67,52,117.7844067634589,53.561501176399105,0,0.12414169117093364,,Left Foot,Open Play,Normal,Regular Play,False,True,True,1.0,0.0,0.3039114748660547,1.261561305806107,12.384753150341025
6,UEFA Euro 2020,2,133,Team K,Team N,Player 211,67,8,106.52687360238691,30.518194091552875,0,0.0500020648642051,,Right Foot,Open Play,Normal,Regular Play,True,False,True,3.0,2.0,2.2007886268466605,2.3303167950095465,14.246142476502705
6,UEFA Euro 2020,1,134,Team N,Team K,Player 243,11,3,106.23848312775614,20.919273533690852,0,0.030110906122107668,,Left Foot,Open Play,Normal,From Corner,False,False,True,1.0,4.0,1.6784312820449485,2.2178192240626773,24.99513797533805
6,UEFA Euro 2020,2,135,Team N,Team K,Player 301,57,17,117.79283713121714,52.761021313079056,0,0.09317251724250784,,Right Foot,Open Play,Normal,Regular Play,True,False,False,0.0,0.0,0.4598863190252638,3.794811567083336,7.359297607107264
6,UEFA Euro 2020,2,136,Team K,Team N,Player 152,65,25,113.04806910906433,34.131285217488326,0,0.28751448262552254,,Left Foot,Open Play,Normal,Regular Play,False,False,True,1.0,2.0,2.049686350152172,5.661688905298,4.270044622675638
6,UEFA Euro 2020,1,137,Team K,Team N,Player 166,42,24,112.8414612932522,51.72575392717448,0,0.07943995958477795,,Right Foot,Open Play,Normal,From Corner,True,False,True,1.0,3.0,3.779812592164793,2.1909745613082503,12.407263405813033
6,UEFA Euro 2020,1,138,Team K,Team N,Player 126,11,32,114.66453266440047,41.19572368094751,1,0.7219886769486099,,Left Foot,Open Play,Normal,Regular Play,True,True,True,0.0,0.0,1.6528427042667593,2.508648472451644,2.1562800626647602
6,UEFA Euro 2020,1,139,Team N,Team K,Player 171,31,59,117.05054917779525,47.43576741387616,1,0.16644772139916025,,Right Foot,Open Play,Normal,Regular Play,True,False,False,2.0,1.0,0.9567362253944652,2.370959506880723,6.459904049263905
6,UEFA Euro 2020,1,140,Team N,Team K,Player 49,36,40,95.2979001654553,48.049947337529765,0,0.02561194553541637,,Left Foot,Open Play,Normal,From Corner,True,False,False,1.0,1.0,2.8014765480417863,4.390451979322648,21.498695356709767
6,UEFA Euro 2020,1,141,Team K,Team N,Player 298,5,25,101.33389664211913,73.65484351896507,0,0.003916270956919214,,Left Foot,Open Play,Normal,From Counter,True,False,False,3.0,1.0,0.2,1.8553674471838983,35.38240084658776
6,UEFA Euro 2020,1,142,Team N,Team K,Player 370,31,32,94.65403155060584,43.33813590898337,0,0.038971587299047046,,Left Foot,Open Play,Normal,Regular Play,False,False,True,1.0,1.0,1.328243532060056,1.0475215266606537,25.985584861496925
6,UEFA Euro 2020,1,143,Team N,Team K,Player 385,30,32,116.56143905517727,34.09193311477276,1,0.3018434816639844,,Left Foot,Open Play,Normal,Regular Play,False,False,False,2.0,2.0,7.90801062553115,4.697145146507879,0.609072655542632
6,UEFA Euro 2020,1,144,Team K,Team N,Player 133,15,4,112.73717431827576,49.884108081568776,1,0.17462161135835483,,Left Foot,Open Play,Normal,From Counter,False,False,True,1.0,2.0,0.37517014066376075,2.0184940728162113,9.12098989767939
6,UEFA Euro 2020,2,145,Team K,Team N,Player 256,72,22,109.00241295496774,57.60052009451569,0,0.06412041537833367,,Right Foot,Open Play,Normal,From Corner,False,True,True,1.0,2.0,3.431175557326826,2.7212400486107966,20.959095971512493
6,UEFA Euro 2020,2,146,Team N,Team K,Player 11,75,46,107.6133630579825,55.5089683900253,0,0.041468819591889854,,Left Foot,Open Play,Normal,From Counter,True,True,False,3.0,3.0,1.3952273833608084,2.3923230761060577,19.773872066387565
6,UEFA Euro 2020,2,147,Team K,Team N,Player 39,59,52,90.34578339347361,57.44604214055853,0,0.016273749386731935,,Right Foot,Open Play,Normal,From Counter,False,True,False,2.0,1.0,4.149861092525202,3.998827236248194,31.438189513859722
7,FIFA World Cup 2022,2,148,Team A,Team V,Player 22,58,57,110.11304405525325,65.95749127762573,0,0.006316171244198826,,Left Foot,Open Play,Normal,From Free Kick,False,False,True,7.0,0.0,1.2090684724538083,2.515884007362004,26.364383422818648
7,FIFA World Cup 2022,2,149,Team V,Team A,Player 321,73,19,102.04666036119086,43.92841543898453,0,0.08492373260158358,,Right Foot,Open Play,Normal,From Throw In,True,True,False,2.0,0.0,1.5519358683881377,2.0517832033829837,17.054279677355844
7,FIFA World Cup 2022,1,150,Team V,Team A,Player 186,43,59,114.41596043895666,39.16651375894193,1,0.6682641563515775,,Left Foot,Open Play,Normal,From Throw In,False,False,True,0.0,2.0,2.6552750249506016,2.5049594591858395,3.525679422711867
7,FIFA World Cup 2022,1,151,Team A,Team V,Player 310,6,58,105.92660391833762,48.4776866030424,0,0.06911102769524467,,Head,Open Play,Normal,Regular Play,True,False,True,0.0,0.0,0.848279619185121,1.8731050822827722,13.850259121501155
7,FIFA World Cup 2022,2,152,Team A,Team V,Player 11,92,3,97.06097819062359,32.684321076022144,0,0.015441307645315308,,Right Foot,Open Play,Normal,Regular Play,True,False,False,4.0,2.0,2.414982642788911,2.658158112412984,19.478915839599097
7,FIFA World Cup 2022,1,153,Team V,Team A,Player 210,7,55,99.54383030018015,48.236952745807244,0,0.04940382764445417,,Right Foot,Open Play,Normal,Regular Play,False,False,False,2.0,0.0,3.490868036550397,2.9954696742668805,17.96757594861557
7,FIFA World Cup 2022,1,154,Team V,Team A,Player 116,40,41,112.60484480007821,27.625777093876298,0,0.12293846930182468,,Right Foot,Open Play,Normal,From Corner,False,False,True,1.0,0.0,2.825626344077407,2.946790672072366,12.722238296012016
7,FIFA World Cup 2022,1,155,Team A,Team V,Player 378,13,33,114.28127167690647,38.525700571096976,0,0.6117412855078449,,Left Foot,Open Play,Normal,Regular Play,True,False,True,0.0,0.0,3.4673975887937702,3.3119374621318305,1.6264822332970392
7,FIFA World Cup 2022,2,156,Team V,Team A,Player 2,88,4,115.65619396100224,47.574728710767765,1,0.20306680582443365,,Head,Open Play,Normal,From Free Kick,False,False,False,0.0,1.0,0.9653759133608816,1.645535000580444,7.933688718110706
7,FIFA World Cup 2022,2,157,Team A,Team V,Player 41,66,5,110.77120848508258,24.35743057245854,0,0.05603053663711757,,Right Foot,Open Play,Normal,From Corner,False,True,False,3.0,2.0,4.952996731787502,2.0885864165081958,16.79301344494151
7,FIFA World Cup 2022,1,158,Team A,Team V,Player 83,18,1,108.40481035198839,28.723028861114067,1,0.07079889563425751,,Right Foot,Open Play,Normal,Regular Play,False,False,True,3.0,1.0,1.4186014195416987,2.4247039792375897,14.673299173579464
7,FIFA World Cup 2022,2,159,Team A,Team V,Player 372,57,24,98.38760135625225,46.003731358349484,0,0.050265887486590714,,Left Foot,Open Play,Normal,Regular Play,True,False,True,0.0,1.0,3.3245528083165525,1.4874280257703323,18.91856587868929
7,FIFA World Cup 2022,2,160,Team A,Team V,Player 181,81,40,116.55631650322547,35.92592329372782,1,0.5555902491219407,,Right Foot,Open Play,Normal,Regular Play,True,False,True,1.0,0.0,6.627421182480909,2.9741713828380707,0.2
7,FIFA World Cup 2022,2,161,Team V,Team A,Player 234,76,41,110.53944531373415,35.850878377320214,0,0.2192866836799812,,Right Foot,Open Play,Normal,Regular Play,True,False,True,1.0,2.0,1.2345242599577393,0.8693473048923812,11.070946269805269
7,FIFA World Cup 2022,2,162,Team A,Team V,Player 351,62,8,111.75136518887015,33.58706727969526,0,0.09634941867233503,,Head,Open Play,Normal,Regular Play,False,False,True,3.0,3.0,0.9435541712238733,1.8925968799691992,9.527062325991263
7,FIFA World Cup 2022,2,163,Team A,Team V,Player 215,67,3,109.24693982890103,52.48802204818507,0,0.04655453315418557,,Right Foot,Corner,Normal,Regular Play,False,False,True,5.0,0.0,2.2712138880819333,2.0230199980846826,14.540942534933524
7,FIFA World Cup 2022,1,164,Team A,Team V,Player 360,28,59,117.342358851983,48.40525846051969,0,0.11135087591038294,,Head,Open Play,Normal,From Free Kick,True,False,True,0.0,1.0,2.4526901817048135,3.4908051439643915,4.116026062890898
7,FIFA World Cup 2022,1,165,Team A,Team V,Player 325,23,33,111.95338812840556,41.82173365255917,0,0.4873227557236114,,Right Foot,Open Play,Normal,From Counter,True,True,True,1.0,0.0,2.9251487647382004,2.193802989974255,3.7520416328317765
7,FIFA World Cup 2022,1,166,Team V,Team A,Player 326,0,26,101.4243622943939,29.384860027425386,0,0.04271892922797732,,Head,Open Play,Normal,Regular Play,False,False,False,0.0,1.0,1.5404361225377767,1.8869985291363813,17.89720218099777
7,FIFA World Cup 2022,1,167,Team V,Team A,Player 93,42,43,101.7074463794623,37.13748506380567,0,0.02758223945078622,,Head,Open Play,Normal,From Throw In,False,False,True,4.0,2.0,2.261175684159226,0.1,18.609284024257605
7,FIFA World Cup 2022,2,168,Team V,Team A,Player 238,72,22,97.3986806092061,53.51233805167823,0,0.014344204373415536,,Right Foot,Open Play,Normal,From Counter,False,False,True,4.0,5.0,1.3429455640127521,2.1590811935670606,27.060982850496835
7,FIFA World Cup 2022,2,169,Team V,Team A,Player 55,48,19,95.15580157001148,35.36528997889731,0,0.02327915330785416,,Left Foot,Open Play,Normal,Regular Play,True,False,True,2.0,1.0,1.0100996866335055,3.4266537728230055,21.998883334676496
7,FIFA World Cup 2022,2,170,Team V,Team A,Player 355,45,26,78.75949563535906,19.144162809393293,0,0.00038242004143408843,,Head,Open Play,Normal,From Counter,True,False,True,6.0,5.0,3.9244709655938137,2.6074107997165767,43.250822410791955
8,UEFA Euro 2024,2,171,Team G,Team H,Player 227,78,52,96.59529917553422,37.4540852254233,0,0.03964225520727735,,Left Foot,Open Play,Normal,Regular Play,False,False,False,2.0,1.0,0.9164824612589718,0.8273978175584491,21.77692929995196
8,UEFA Euro 2024,2,172,Team H,Team G,Player 207,84,36,108.0,40.0,1,0.759510916949111,,Right Foot,Penalty,Normal,Regular Play,True,False,True,1.0,0.0,0.4806786568665134,4.381847736476598,8.195237235401253
8,UEFA Euro 2024,2,173,Team G,Team H,Player 122,85,3,109.45078535862535,43.87123847900523,0,0.21391925692051253,,Right Foot,Open Play,Normal,From Goal Kick,False,True,True,3.0,2.0,6.604150811810553,1.5869623059421878,10.502804174747475
8,UEFA Euro 2024,2,174,Team H,Team G,Player 305,78,19,97.6339468055618,37.672987366114185,0,0.062415536439342306,,Right Foot,Open Play,Normal,From Free Kick,True,True,False,1.0,0.0,6.864672300846913,1.071587814197956,22.151103618482114
8,UEFA Euro 2024,1,175,Team H,Team G,Player 313,7,52,108.49844413425089,19.122709296483542,0,0.02689810798844322,,Head,Open Play,Normal,From Throw In,False,True,True,1.0,1.0,8.271233618432769,2.743848320072686,19.892501056319443
8,UEFA Euro 2024,1,176,Team G,Team H,Player 114,30,17,103.43586169279223,67.4201275330237,0,0.013302176664045066,,Right Foot,Open Play,Normal,Regular Play,False,True,True,3.0,0.0,0.44253811708372814,3.443820101598196,28.532703199197773
8,UEFA Euro 2024,1,177,Team H,Team G,Player 311,4,47,118.00346979719198,53.10752975600823,0,0.01969930722014587,,Right Foot,Open Play,Normal,Regular Play,True,False,True,6.0,3.0,2.1108108487437693,0.9511041557012581,11.912223571507624
8,UEFA Euro 2024,2,178,Team H,Team G,Player 344,92,52,86.26444646055334,32.87848773728221,0,0.007613054567186783,,Head,Open Play,Normal,From Counter,False,True,False,3.0,1.0,3.020373058359271,4.798521629887432,28.320102889278537
8,UEFA Euro 2024,1,179,Team H,Team G,Player 89,29,39,104.85136662270234,22.59852230818311,0,0.038876179817645865,,Left Foot,Open Play,Normal,Regular Play,True,True,True,1.0,2.0,0.9062592274254857,1.675674854000985,21.515299727613133
8,UEFA Euro 2024,2,180,Team G,Team H,Player 78,60,57,108.0,40.0,0,0.759510916949111,,Head,Penalty,Normal,From Corner,False,False,True,1.0,2.0,5.504553150232115,1.660897482203144,10.090626804270824
8,UEFA Euro 2024,1,181,Team H,Team G,Player 21,12,9,113.32938570450018,45.745962352179156,1,0.35777922767385995,,Right Foot,Open Play,Normal,Regular Play,False,False,False,1.0,0.0,2.4820764565191538,1.4671803482025694,8.490697788401336
8,UEFA Euro 2024,2,182,Team G,Team H,Player 52,63,19,100.57172406241709,50.023508057097125,0,0.041043201061118584,,Right Foot,Open Play,Normal,From Counter,True,False,True,1.0,3.0,1.6162101803017261,4.353339373742408,16.498782717816415
8,UEFA Euro 2024,2,183,Team H,Team G,Player 212,89,25,101.34648163792848,35.966533269844255,0,0.06112030026460538,,Left Foot,Open Play,Normal,Regular Play,False,False,True,2.0,2.0,2.081255618054951,2.976437922752776,13.428089058385165
8,UEFA Euro 2024,1,184,Team H,Team G,Player 268,26,28,108.43519862158394,50.17169116446771,0,0.11530895861516621,,Head,Open Play,Normal,Regular Play,False,True,True,0.0,1.0,1.0171893839370103,3.0518803195693245,12.242925354485426
8,UEFA Euro 2024,1,185,Team G,Team H,Player 297,35,18,91.46906015608062,26.627779946808424,0,0.007525035734330649,,Right Foot,Open Play,Normal,Regular Play,False,True,True,5.0,4.0,1.2248148520996553,2.8613358005208323,30.122256168903156
8,UEFA Euro 2024,1,186,Team G,Team H,Player 309,38,25,103.92029847698825,36.64645350707252,0,0.057637405754482875,,Left Foot,Open Play,Normal,Regular Play,True,False,False,3.0,2.0,1.972826854464268,2.193012238908901,15.514030951723088
8,UEFA Euro 2024,1,187,Team G,Team H,Player 328,20,11,77.1417032842515,31.477508048638036,0,0.0034442596715705087,,Left Foot,Free Kick,Normal,Regular Play,False,True,False,3.0,2.0,2.1675536369923583,3.5396394819820474,38.94146943519416
8,UEFA Euro 2024,2,188,Team G,Team H,Player 372,58,20,107.03556321237807,27.359247804075004,0,0.03938775659756451,,Head,Open Play,Normal,Regular Play,False,False,False,1.0,3.0,2.9503132059129027,2.5210442820076704,14.046407418180037
8,UEFA Euro 2024,1,189,Team G,Team H,Player 21,8,34,111.11100387109177,43.51509407395697,0,0.3446209135027356,,Head,Open Play,Normal,Regular Play,False,True,True,0.0,0.0,2.436284446120112,2.0036737087066983,7.161942814008608
8,UEFA Euro 2024,1,190,Team G,Team H,Player 107,22,21,115.03773861959276,22.416516147853887,0,0.06281754013715403,,Other,Open Play,Normal,From Goal Kick,False,False,True,1.0,0.0,0.46040347706063095,0.58614968318128,16.112364819127905
8,UEFA Euro 2024,2,191,Team H,Team G,Player 167,81,18,111.62022372849691,15.393819514013767,0,0.03008028838121207,,Right Foot,Open Play,Normal,Regular Play,False,True,True,1.0,2.0,4.335385489744573,0.7938855171434613,23.04871831996254
8,UEFA Euro 2024,2,192,Team G,Team H,Player 278,86,8,95.25336893987078,42.29514540060706,0,0.03914280578483102,,Left Foot,Open Play,Normal,From Throw In,False,False,False,1.0,1.0,5.3593391064854385,4.069498748535806,17.828314381474847
8,UEFA Euro 2024,2,193,Team H,Team G,Player 84,88,7,108.4450608913077,40.28558324776856,0,0.21268074061931347,,Left Foot,Open Play,Normal,From Throw In,False,False,True,2.0,1.0,1.1608064880376705,1.2467002140298813,9.384685876875904
8,UEFA Euro 2024,2,194,Team G,Team H,Player 119,75,32,85.62804149063842,43.25710648585598,0,0.010388146324748325,,Right Foot,Open Play,Normal,From Counter,True,True,True,3.0,1.0,3.22218351672442,1.4103250812050199,33.54077332951405
9,FIFA World Cup 2018,1,195,Team A,Team O,Player 196,17,31,109.92063055175248,26.213642114203207,0,0.07026176470209998,,Right Foot,Open Play,Normal,Regular Play,False,False,False,2.0,1.0,3.0498052861076435,3.3243444013249794,16.3378789993545
9,FIFA World Cup 2018,1,196,Team O,Team A,Player 312,30,37,110.49978893940701,42.149190075326786,0,0.2808127311978443,,Right Foot,Open Play,Normal,From Counter,False,False,True,3.0,1.0,3.5638127374397386,1.6305114061745105,8.352260823192088
9,FIFA World Cup 2018,1,197,Team O,Team A,Player 31,41,24,107.02952294492091,39.65509829255848,0,0.16593543003033753,,Head,Open Play,Normal,From Corner,False,False,True,0.0,0.0,4.338270529716749,2.9789238463579037,9.183737636762626
9,FIFA World Cup 2018,1,198,Team A,Team O,Player 353,23,57,98.43903030728896,46.47609185169261,0,0.03690714244843112,,Right Foot,Open Play,Normal,From Throw In,True,False,True,1.0,2.0,0.2,2.3112186005818405,19.960898032011443
9,FIFA World Cup 2018,2,199,Team O,Team A,Player 379,67,29,111.65602895670584,34.39025106032318,1,0.32151521777045416,,Left Foot,Corner,Normal,From Goal Kick,False,False,False,0.0,1.0,1.6231401299455044,5.231846427451707,4.914977872936279
9,FIFA World Cup 2018,1,200,Team O,Team A,Player 215,7,26,102.29361145775295,44.799073985561506,1,0.14865629014053822,,Left Foot,Open Play,Normal,Regular Play,False,True,True,0.0,1.0,5.4843290463195835,2.535800544551966,16.647581716929604
9,FIFA World Cup 2018,1,201,Team A,Team O,Player 355,19,10,112.50966543533082,50.72123459770223,0,0.19488438143416417,,Left Foot,Open Play,Normal,Regular Play,False,True,False,1.0,0.0,4.676410441648338,2.2433732788073026,9.369365220502267
9,FIFA World Cup 2018,2,202,Team A,Team O,Player 241,53,48,115.02028229004414,55.21159462944807,0,0.03861531821194401,,Left Foot,Open Play,Normal,Regular Play,True,False,False,3.0,1.0,8.112965246013196,0.42003874642230565,14.992026942167685
9,FIFA World Cup 2018,1,203,Team O,Team A,Player 38,32,12,112.1893467328235,54.72015746232518,0,0.04800473496383699,,Right Foot,Open Play,Normal,Regular Play,False,False,True,3.0,2.0,4.825806627264232,2.5883879139906334,12.956333283071931
9,FIFA World Cup 2018,1,204,Team A,Team O,Player 305,4,35,118.59273696644259,53.249583067667714,1,0.13411100492382935,,Right Foot,Open Play,Normal,Regular Play,False,True,False,0.0,1.0,8.652332540517458,3.4863246413304116,10.70221664778877
9,FIFA World Cup 2018,2,205,Team A,Team O,Player 351,77,47,117.37880924660361,43.50120322918426,1,0.8012126999539392,,Left Foot,Open Play,Normal,Regular Play,False,False,True,0.0,0.0,4.33360671862983,2.0877571374091617,2.337188095812064
9,FIFA World Cup 2018,1,206,Team O,Team A,Player 376,24,6,107.40791014741251,53.30472772687175,0,0.06197862341694757,,Left Foot,Open Play,Normal,From Free Kick,True,False,False,1.0,0.0,3.1750649078641637,4.840166781010022,12.476018605963434
9,FIFA World Cup 2018,2,207,Team A,Team O,Player 223,90,10,90.57934135477706,46.59542971769415,0,0.021562327953905197,,Right Foot,Open Play,Normal,Regular Play,False,False,True,1.0,1.0,1.2209534768756194,2.467652996277751,28.00623081183357
9,FIFA World Cup 2018,1,208,Team A,Team O,Player 376,6,35,111.3231170137897,19.7983877738742,0,0.011120661560249278,,Head,Open Play,Normal,Regular Play,False,False,True,4.0,2.0,1.1662772713925906,3.8895628630786594,17.820477846245733
9,FIFA World Cup 2018,1,209,Team O,Team A,Player 245,16,10,104.02348680574721,48.42802363535313,0,0.05050804403915266,,Left Foot,Open Play,Normal,Regular Play,True,False,False,2.0,2.0,2.105505326682421,1.9697730612485567,13.73267624398572
9,FIFA World Cup 2018,2,210,Team O,Team A,Player 116,72,0,110.04334329930977,58.45326394862952,1,0.03921983178367378,,Right Foot,Open Play,Normal,Regular Play,False,False,False,2.0,1.0,0.2,2.5454559933875185,18.487741434705107
9,FIFA World Cup 2018,2,211,Team A,Team O,Player 139,49,18,112.0721078885369,73.2615959788463,0,0.009888213440282992,,Left Foot,Open Play,Normal,Regular Play,True,True,True,0.0,3.0,7.476881565929346,4.334272977152638,31.391393643156235
9,FIFA World Cup 2018,1,212,Team O,Team A,Player 143,3,19,107.60694375717954,17.575284427703508,0,0.013576621272984252,,Right Foot,Open Play,Normal,Regular Play,False,False,True,5.0,0.0,0.5611168749033084,1.5991624761950067,25.288137808505702
9,FIFA World Cup 2018,2,213,Team O,Team A,Player 353,93,38,104.60030957889906,33.439911655995445,0,0.1680773960333404,,Other,Open Play,Normal,Regular Play,False,True,False,0.0,1.0,0.8232129273788042,3.550786638223961,9.883908645734834
10,UEFA Euro 2020,2,214,Team T,Team S,Player 315,82,27,103.14263137622704,47.945015618958024,0,0.0855260903123612,,Left Foot,Open Play,Normal,Regular Play,False,False,True,1.0,1.0,0.8003287123980286,2.5791799623018954,15.360032048985037
10,UEFA Euro 2020,1,215,Team T,Team S,Player 217,12,24,112.99365964621707,39.09441753987993,1,0.6358448774161173,,Right Foot,Open Play,Normal,From Counter,False,False,True,0.0,0.0,3.9591052597717993,2.3021867421042823,3.462156770542884
10,UEFA Euro 2020,2,216,Team S,Team T,Player 58,74,21,94.42801055831006,24.36099918258791,0,0.012430028800323898,,Left Foot,Open Play,Normal,Regular Play,False,False,True,3.0,2.0,7.759494742338977,1.9925028930129969,29.209675067042433
10,UEFA Euro 2020,1,217,Team S,Team T,Player 85,26,2,108.19369714275837,41.1143776066859,0,0.11988849790573874,,Right Foot,Corner,Normal,From Corner,True,False,True,3.0,2.0,1.8820186656338473,2.7545364413574687,9.676777737884441
10,UEFA Euro 2020,2,218,Team S,Team T,Player 340,53,14,102.42862902635301,36.5356969516714,0,0.05727185518243567,,Right Foot,Open Play,Normal,From Free Kick,True,False,True,1.0,4.0,2.7453006874683803,3.0172653911195813,15.23643568122697
10,UEFA Euro 2020,2,219,Team S,Team T,Player 288,47,28,103.65895773306914,59.3550199639423,0,0.012449391705129037,,Right Foot,Open Play,Normal,Regular Play,True,False,False,4.0,1.0,4.090441463896523,4.4218856534745115,22.033181560847254
10,UEFA Euro 2020,1,220,Team S,Team T,Player 213,31,16,109.30926752308928,31.764422392930477,0,0.18045823046244727,,Left Foot,Open Play,Normal,Regular Play,False,False,False,0.0,2.0,2.957327165754897,2.5899124942794716,12.464022548254407
10,UEFA Euro 2020,2,221,Team S,Team T,Player 163,62,52,90.19753080210864,43.19146659797631,0,0.010173896173464387,,Right Foot,Open Play,Normal,Regular Play,True,False,True,3.0,1.0,0.9858522465919907,2.525438372214839,23.40642258495852
10,UEFA Euro 2020,1,222,Team T,Team S,Player 271,10,8,112.94386402689261,43.9418791611544,0,0.45807966327617505,,Right Foot,Open Play,Normal,Regular Play,False,False,False,0.0,1.0,3.701929558394612,2.882173680155897,4.859165703701066
10,UEFA Euro 2020,1,223,Team T,Team S,Player 68,10,28,101.22379877944554,30.1188461485923,0,0.051496565964279865,,Right Foot,Open Play,Normal,From Corner,False,False,True,1.0,3.0,1.5728603581060652,2.076284402298633,20.34299794249656
10,UEFA Euro 2020,2,224,Team T,Team S,Player 168,50,35,102.79675277484824,21.226989630322944,0,0.03273036421249629,,Right Foot,Open Play,Normal,Regular Play,True,True,True,1.0,1.0,4.2819173073475065,2.8963687746130553,24.337682582458786
10,UEFA Euro 2020,2,225,Team T,Team S,Player 235,48,12,102.21292190456253,42.086045489246274,0,0.06327026014914046,,Left Foot,Open Play,Normal,Regular Play,True,False,True,2.0,1.0,11.569504580729472,1.1728180607929362,16.673289665150946
10,UEFA Euro 2020,1,226,Team T,Team S,Player 345,21,30,112.0567680795967,32.31922033450853,0,0.29982087612643427,,Right Foot,Open Play,Normal,From Counter,False,True,True,1.0,2.0,1.4012001852944684,1.76374892885302,10.607039399651292
10,UEFA Euro 2020,2,227,Team T,Team S,Player 308,88,39,113.47185836307072,37.40125404113943,1,0.5777883672664519,,Left Foot,Open Play,Normal,Regular Play,False,False,True,0.0,0.0,2.4630809430699525,1.366079397255881,3.2261565729550217
10,UEFA Euro 2020,1,228,Team S,Team T,Player 227,29,26,98.17912760066496,48.74767313281134,0,0.03504892486970592,,Head,Corner,Normal,Regular Play,False,True,False,1.0,2.0,4.095618278065471,1.185527572940756,24.744625797160325
10,UEFA Euro 2020,1,229,Team T,Team S,Player 180,20,16,113.13648458393598,23.495375575574407,0,0.05604802097066094,,Right Foot,Open Play,Normal,From Counter,False,False,True,3.0,0.0,4.877642761669694,3.4514165422212155,13.688660983695389
10,UEFA Euro 2020,2,230,Team T,Team S,Player 259,63,16,103.71790786147649,31.125791234098486,0,0.07084092141988088,,Right Foot,Open Play,Normal,From Free Kick,False,False,True,2.0,1.0,2.624434230707226,1.412231260631942,17.05491019425039
10,UEFA Euro 2020,1,231,Team S,Team T,Player 323,41,30,115.0441376053696,36.40714333075416,1,0.5633533377902057,,Right Foot,Open Play,Normal,From Corner,True,False,False,0.0,0.0,4.366788020971704,2.4426944578137513,3.272503214746992
10,UEFA Euro 2020,2,232,Team T,Team S,Player 370,85,35,105.48382439967102,26.467138376415654,0,0.06278573113121903,,Right Foot,Open Play,Normal,Regular Play,False,False,True,1.0,2.0,0.9654515805554374,2.7150061295210492,21.417051860166954
10,UEFA Euro 2020,2,233,Team S,Team T,Player 253,57,17,114.70186147150014,23.520786241871484,0,0.08571172107974542,,Left Foot,Open Play,Normal,Regular Play,False,True,True,1.0,1.0,0.6793881957123505,2.537878800747898,14.249505907544933
10,UEFA Euro 2020,1,234,Team S,Team T,Player 395,17,23,117.10548483765513,40.13102117873495,1,0.9091659609233829,,Right Foot,Free Kick,Normal,From Corner,True,True,True,0.0,1.0,3.0252659655006426,3.041411343829144,0.2
11,FIFA World Cup 2022,2,235,Team D,Team P,Player 252,84,59,111.52400631268854,61.746729049244976,0,0.03817192975384836,,Left Foot,Open Play,Normal,Regular Play,False,False,False,1.0,0.0,2.077121040653676,0.8462783901591711,21.78737317395514
11,FIFA World Cup 2022,2,236,Team D,Team P,Player 280,51,9,112.77473222060334,37.29894818279246,1,0.6108954827934636,,Left Foot,Open Play,Normal,Regular Play,False,True,False,0.0,0.0,1.242068664869792,1.2784135314787826,8.235852748351427
11,FIFA World Cup 2022,2,237,Team P,Team D,Player 307,46,13,115.43200174622321,49.549944576993354,0,0.1931098148818461,,Right Foot,Open Play,Normal,Regular Play,False,False,True,0.0,2.0,5.280124518465769,1.7275030896804995,8.06515895528886
11,FIFA World Cup 2022,1,238,Team D,Team P,Player 208,29,39,102.76882648520036,40.95161869866025,0,0.09915985561412756,,Right Foot,Open Play,Normal,From Throw In,True,True,False,2.0,0.0,1.618894094695846,3.194077837620207,14.847845984534583
11,FIFA World Cup 2022,2,239,Team P,Team D,Player 238,73,55,110.17466324653314,36.16350050678568,0,0.33004018844498595,,Left Foot,Open Play,Normal,From Corner,True,True,True,0.0,1.0,1.1042354335576046,3.237572857698187,9.192959355824316
11,FIFA World Cup 2022,2,240,Team P,Team D,Player 88,80,9,107.63636764296552,63.16864327473666,0,0.032040995057125043,,Right Foot,Free Kick,Normal,Regular Play,False,True,True,1.0,2.0,2.5231760371170378,2.438388569986037,24.24452231418903
11,FIFA World Cup 2022,1,241,Team P,Team D,Player 114,30,30,94.91799944353987,43.55200153445195,0,0.028515452915930987,,Other,Open Play,Normal,Regular Play,False,False,True,2.0,2.0,0.9993699818826652,1.8740555951702085,23.061577719500313
11,FIFA World Cup 2022,2,242,Team D,Team P,Player 33,59,24,104.43854699000595,49.28621309762173,0,0.08917327545712693,,Right Foot,Open Play,Normal,Regular Play,False,False,True,1.0,1.0,1.0510516342149272,3.2518916677492045,15.251544677809193
11,FIFA World Cup 2022,2,243,Team D,Team P,Player 343,75,9,115.29206243198489,43.73551885580702,0,0.4502037677342754,,Left Foot,Open Play,Normal,Regular Play,True,False,False,2.0,1.0,3.5621941934974135,0.4461527497801323,8.414547587972352
11,FIFA World Cup 2022,1,244,Team D,Team P,Player 50,27,12,111.75018725214906,22.83595778662595,0,0.04021223996331037,,Left Foot,Open Play,Normal,From Throw In,True,False,False,1.0,2.0,1.8328221649137786,3.0141795143870005,16.38152247578297
11,FIFA World Cup 2022,2,245,Team D,Team P,Player 233,88,53,104.98181478854974,26.019518788538846,0,0.07350379393723228,,Left Foot,Corner,Normal,From Free Kick,False,True,True,1.0,2.0,4.9203491428045,1.2479797796592225,18.63084607869496
11,FIFA World Cup 2022,1,246,Team D,Team P,Player 100,26,7,118.09167849088676,49.02659224497422,0,0.13376536575857398,,Right Foot,Open Play,Normal,Regular Play,True,False,True,0.0,2.0,1.1380915274529233,0.33011493399517944,5.705346193006186
11,FIFA World Cup 2022,1,247,Team D,Team P,Player 181,31,53,107.89328608182073,44.61120669119666,0,0.17760441349457992,,Right Foot,Open Play,Normal,Regular Play,True,True,True,2.0,0.0,0.9050870032768968,1.32833775068049,11.299455811750555
11,FIFA World Cup 2022,2,248,Team P,Team D,Player 134,54,55,112.940462509409,34.740185830322304,1,0.2501202436978079,,Head,Open Play,Normal,From Goal Kick,False,False,False,1.0,0.0,1.300680855560102,1.733708571547574,7.219419605915318
11,FIFA World Cup 2022,1,249,Team P,Team D,Player 374,7,8,113.28716186714857,62.33410289835014,0,0.022033219458765862,,Head,Open Play,Normal,Regular Play,False,False,True,1.0,0.0,1.0060683124812566,1.4466927213657081,24.28371980149445
11,FIFA World Cup 2022,1,250,Team P,Team D,Player 344,0,39,98.12205953358236,37.139158065995005,0,0.07131154063266804,,Right Foot,Open Play,Normal,Regular Play,False,False,True,0.0,1.0,1.9904374782677896,3.284783478682138,19.036272636425267
11,FIFA World Cup 2022,2,251,Team P,Team D,Player 52,48,55,89.37759781029068,55.10492409677513,0,0.007808881993970783,,Right Foot,Open Play,Normal,Regular Play,False,False,False,3.0,2.0,2.0194741203405058,1.9183575616581492,33.845260452288215
11,FIFA World Cup 2022,2,252,Team P,Team D,Player 243,47,33,108.0,40.0,0,0.759510916949111,,Head,Penalty,Normal,From Free Kick,False,False,False,2.0,2.0,0.21738047459145843,0.7237448066502288,13.70067782369536
11,FIFA World Cup 2022,1,253,Team D,Team P,Player 152,29,25,115.24572903522719,64.54964760041631,0,0.01988289123982298,,Left Foot,Open Play,Normal,From Corner,False,False,True,1.0,3.0,2.1919743957403663,6.095486914477771,17.29443640329789
11,FIFA World Cup 2022,1,254,Team D,Team P,Player 234,24,45,106.86164854082679,41.1713481406295,0,0.13704280005793096,,Right Foot,Open Play,Normal,From Throw In,True,False,True,2.0,0.0,2.819783222089669,1.3771201609787782,10.031045615658947
11,FIFA World Cup 2022,2,255,Team P,Team D,Player 191,71,54,111.03937932268819,44.17727407348566,1,0.39926837729323283,,Left Foot,Open Play,Normal,From Corner,False,True,True,0.0,2.0,4.438039254886184,4.124602656151729,6.34996317623341
11,FIFA World Cup 2022,2,256,Team P,Team D,Player 18,72,49,104.30539499926415,49.54663710071624,0,0.08602579010284672,,Left Foot,Open Play,Normal,Regular Play,True,False,False,0.0,0.0,1.2395570350692178,3.5186398432420845,13.803269630030332
12,UEFA Euro 2024,2,257,Team A,Team H,Player 175,95,23,95.88562425344489,30.36483144510091,0,0.020982593050617632,,Right Foot,Open Play,Normal,From Corner,True,False,True,2.0,1.0,3.4124564928629257,3.0965634884633126,23.668864911071157
12,UEFA Euro 2024,2,258,Team H,Team A,Player 275,93,19,100.02913098195343,49.59748352357359,0,0.037109630675979256,,Right Foot,Open Play,Normal,From Corner,True,False,True,1.0,2.0,3.0959946850883338,3.589913691120789,19.01506376322175
12,UEFA Euro 2024,1,259,Team H,Team A,Player 203,18,49,84.36827503992953,30.128372071514242,0,0.005564571883176655,,Right Foot,Open Play,Normal,Regular Play,True,False,False,0.0,6.0,7.348129523904888,2.126560906922088,36.873819826682436
12,UEFA Euro 2024,1,260,Team A,Team H,Player 357,19,10,108.0,40.0,1,0.759510916949111,,Right Foot,Penalty,Normal,Regular Play,False,False,False,1.0,1.0,1.3385466914075026,2.5260378052718995,11.915743147769197
12,UEFA Euro 2024,2,261,Team H,Team A,Player 314,89,12,104.08846980638565,43.34116752696461,0,0.1372861939461211,,Right Foot,Open Play,Normal,From Corner,True,True,False,0.0,2.0,2.55939378936494,2.4035219273129513,12.85264438260053
12,UEFA Euro 2024,2,262,Team H,Team A,Player 142,65,15,112.22308511337677,50.90579702649264,0,0.06751647855450078,,Other,Open Play,Normal,Regular Play,True,False,True,3.0,1.0,1.7954786345007456,4.893695702090936,7.675937101258009
12,UEFA Euro 2024,2,263,Team H,Team A,Player 143,92,6,104.92987817737425,33.13554416132868,0,0.1405399501404375,,Left Foot,Open Play,Normal,Regular Play,False,False,True,0.0,1.0,5.322018698802988,1.6976945710630122,15.431214753280484
12,UEFA Euro 2024,2,264,Team A,Team H,Player 181,94,17,114.396693039846,57.6485099563889,0,0.040504827360368804,,Right Foot,Open Play,Normal,Regular Play,False,False,True,2.0,2.0,5.207523708197324,3.377793171765841,13.153735574180606
12,UEFA Euro 2024,2,265,Team A,Team H,Player 348,58,18,107.59150861305241,45.560456486291024,0,0.2379025407630224,,Left Foot,Open Play,Normal,From Counter,False,True,False,2.0,0.0,0.7578211377693491,1.0605894069306918,12.269285209136704
12,UEFA Euro 2024,1,266,Team H,Team A,Player 43,31,58,106.96685910882448,65.16195000718461,0,0.028531720277960207,,Right Foot,Open Play,Normal,Regular Play,False,True,False,1.0,1.0,3.3213014887018533,0.9041307730713024,28.52456469710982
12,UEFA Euro 2024,2,267,Team H,Team A,Player 97,64,38,108.16633951325902,41.77036350277656,0,0.27380607519263833,,Right Foot,Open Play,Normal,From Corner,False,False,False,0.0,1.0,3.6530842053209853,3.169740414339585,8.553928773402873
12,UEFA Euro 2024,2,268,Team H,Team A,Player 175,87,37,99.19910515349548,44.089444046081496,0,0.08146342938471783,,Right Foot,Open Play,Normal,From Throw In,False,False,False,0.0,1.0,3.6804853650882947,1.3172125972399835,20.88778382525702
12,UEFA Euro 2024,1,269,Team H,Team A,Player 205,21,15,99.33755340900302,32.25732724845223,0,0.03749931897668029,,Right Foot,Open Play,Normal,Regular Play,False,False,True,3.0,1.0,1.2016795844660113,0.1,20.329496220793445
12,UEFA Euro 2024,2,270,Team A,Team H,Player 147,68,17,115.8195121095356,44.682860540433985,1,0.6513559338245157,,Left Foot,Open Play,Normal,Regular Play,False,True,False,0.0,0.0,1.6776879354264742,4.210649646845223,3.2848875899042254
12,UEFA Euro 2024,1,271,Team H,Team A,Player 115,19,45,98.65912988450658,24.490511609841107,0,0.02240438531392709,,Right Foot,Free Kick,Normal,Regular Play,False,True,True,3.0,3.0,0.7565951088477225,2.9451858699274633,24.339718777326006
12,UEFA Euro 2024,1,272,Team A,Team H,Player 383,35,45,96.81688648449446,28.943829722700848,0,0.023967963092026486,,Right Foot,Free Kick,Normal,Regular Play,True,True,False,2.0,3.0,0.6651888048740409,3.1109410828611628,24.585273472735413
12,UEFA Euro 2024,2,273,Team H,Team A,Player 132,51,3,110.66942924391016,46.833173153981924,0,0.27779448680605384,,Left Foot,Open Play,Normal,From Corner,False,False,False,0.0,0.0,3.3365729898540275,1.2341891988177123,9.50288298451371
12,UEFA Euro 2024,1,274,Team A,Team H,Player 123,6,53,114.71890018994594,41.873726478874666,0,0.5645313162037835,,Right Foot,Free Kick,Normal,From Throw In,True,True,False,2.0,2.0,3.0863929033989006,0.986651522383438,4.292737715544411
12,UEFA Euro 2024,2,275,Team A,Team H,Player 138,65,44,113.03390061488169,55.959423477174745,0,0.039460539790068604,,Head,Open Play,Normal,Regular Play,True,False,False,0.0,1.0,3.7474756649565824,1.918120008665398,17.33859549271313
12,UEFA Euro 2024,2,276,Team A,Team H,Player 344,89,59,100.8425865482637,18.045016552682274,0,0.023827878980491223,,Right Foot,Open Play,Normal,From Corner,False,False,True,1.0,0.0,3.5579910101722,0.26633229373477363,29.909545151091685
13,FIFA World Cup 2018,1,277,Team E,Team L,Player 351,23,42,107.46998349950456,24.267213884333955,0,0.04177623940707774,,Left Foot,Open Play,Normal,From Free Kick,False,True,True,4.0,1.0,4.65337290128596,2.8811138689980123,16.952358652269663
13,FIFA World Cup 2018,2,278,Team E,Team L,Player 181,79,21,107.61400568481625,36.39042884638673,1,0.25219529712632177,,Left Foot,Open Play,Normal,From Corner,False,False,True,0.0,0.0,1.7120952782943604,1.3075780961888022,8.992773088271225
13,FIFA World Cup 2018,1,279,Team L,Team E,Player 43,15,53,83.62615363715986,37.04071585650682,0,0.0070282921515793986,,Left Foot,Open Play,Normal,Regular Play,True,False,True,1.0,2.0,2.370230663344667,2.7722476216152847,35.2410006923659
13,FIFA World Cup 2018,2,280,Team E,Team L,Player 189,90,9,67.73411100833061,37.344935998284974,0,0.0007370684968111038,,Right Foot,Open Play,Normal,Regular Play,False,False,True,3.0,5.0,2.3922287554046036,2.5508574744353507,49.2782386921789
13,FIFA World Cup 2018,1,281,Team L,Team E,Player 214,15,50,94.7450637681463,52.4554753680208,0,0.018956265291865497,,Right Foot,Open Play,Normal,Regular Play,True,False,False,1.0,1.0,2.97073029529339,3.878194358296421,22.972607779222436
13,FIFA World Cup 2018,1,282,Team E,Team L,Player 223,2,35,102.1094401728034,61.20106730753251,0,0.021546362437502253,,Right Foot,Open Play,Normal,Regular Play,False,False,False,2.0,0.0,4.970618432777112,2.8808925385593054,25.03514494551673
13,FIFA World Cup 2018,2,283,Team E,Team L,Player 227,76,23,117.03914896702514,34.30419997032232,1,0.24642846256335035,,Right Foot,Open Play,Normal,From Corner,True,False,True,3.0,1.0,3.1160269262621587,2.2009963248746973,4.52644346524901
13,FIFA World Cup 2018,2,284,Team E,Team L,Player 169,62,40,100.51546417782521,36.5800266072017,0,0.03816309937780486,,Head,Open Play,Normal,Regular Play,True,True,False,2.0,1.0,1.6634912382996148,2.1771634188872078,18.26293213082886
13,FIFA World Cup 2018,1,285,Team L,Team E,Player 54,29,32,109.5918162658789,45.58427945777589,0,0.20240321657890645,,Left Foot,Open Play,Normal,Regular Play,False,True,False,2.0,3.0,2.2712545372384723,1.801175680646112,9.591061766376871
13,FIFA World Cup 2018,2,286,Team L,Team E,Player 392,79,51,97.15921528076294,46.26678669674967,0,0.024291606417781306,,Right Foot,Open Play,Normal,From Throw In,False,True,False,4.0,4.0,1.5865388110738616,1.7709651508535005,19.440326360788575
13,FIFA World Cup 2018,2,287,Team L,Team E,Player 104,75,7,106.22370352444845,41.95273348068756,0,0.08400749507087908,,Left Foot,Open Play,Normal,Regular Play,True,True,False,4.0,3.0,8.032190732894971,2.2182407270626983,12.938830573192806
13,FIFA World Cup 2018,1,288,Team L,Team E,Player 308,1,13,107.63722858561361,46.3367645391753,0,0.17879855544327053,,Right Foot,Corner,Normal,Regular Play,False,True,False,2.0,1.0,1.926339190865479,1.4615468075121896,13.505581113693415
13,FIFA World Cup 2018,1,289,Team L,Team E,Player 12,2,10,109.179852482615,43.45361667749136,1,0.19047682156360546,,Head,Open Play,Normal,From Counter,True,True,True,1.0,1.0,0.9956959215286941,3.5749366132447085,8.669894219560888
13,FIFA World Cup 2018,2,290,Team L,Team E,Player 53,77,36,108.04424668431348,27.225587748051446,0,0.04462484539940148,,Head,Open Play,Normal,Regular Play,True,False,True,0.0,2.0,0.3458512237821852,1.4336984502916448,17.63610378252453
13,FIFA World Cup 2018,2,291,Team L,Team E,Player 223,93,24,112.55575966842106,37.72550620092917,0,0.34418464080974703,,Right Foot,Open Play,Normal,From Counter,True,False,False,3.0,0.0,5.31011030673694,2.3980122388759013,5.567504855275994
13,FIFA World Cup 2018,2,292,Team L,Team E,Player 118,73,15,108.31013280280516,40.040758858772215,0,0.26300909341527445,,Right Foot,Open Play,Normal,Regular Play,False,False,True,1.0,0.0,3.85207800967959,3.181973570759055,8.265935626271867
13,FIFA World Cup 2018,1,293,Team L,Team E,Player 107,31,0,97.69541226980726,36.54663299777363,0,0.027808858575067964,,Right Foot,Open Play,Normal,Regular Play,True,True,False,3.0,4.0,2.0089960955863453,0.5311184676558109,23.096089032285136
13,FIFA World Cup 2018,2,294,Team L,Team E,Player 10,89,2,96.28491371553389,51.70917506901096,0,0.0122485447850214,,Head,Open Play,Normal,From Corner,False,False,True,3.0,1.0,0.2,4.443322189687951,24.164845736830202
13,FIFA World Cup 2018,2,295,Team E,Team L,Player 391,50,27,102.36820552635302,48.33166199855419,0,0.10205423295122763,,Left Foot,Open Play,Normal,Regular Play,False,False,False,0.0,0.0,1.4956341228525027,2.3100409918603293,16.092402068259794
13,FIFA World Cup 2018,2,296,Team E,Team L,Player 162,95,26,101.19573135954039,28.428793958221945,0,0.034886636256073224,,Right Foot,Open Play,Normal,Regular Play,True,False,True,2.0,0.0,3.0328755827053646,3.3631302843043858,16.986597725291603
13,FIFA World Cup 2018,1,297,Team E,Team L,Player 9,20,10,105.10424223394,11.480118330575046,0,0.010418140742704628,,Left Foot,Open Play,Normal,Regular Play,False,False,False,2.0,1.0,4.0391833802479535,4.674440669294542,26.47256854500449
13,FIFA World Cup 2018,1,298,Team L,Team E,Player 180,3,42,103.2569968573692,50.901733599146496,0,0.03090023239087562,,Head,Open Play,Normal,From Counter,True,False,True,1.0,3.0,5.576022066786878,2.171661934354451,17.486359371873192
13,FIFA World Cup 2018,1,299,Team E,Team L,Player 303,43,23,116.19317419852254,34.685255891729625,1,0.42320103791721014,,Right Foot,Open Play,Normal,Regular Play,True,False,True,0.0,1.0,3.3381469635012553,2.9919999679908353,3.2292188553094534
13,FIFA World Cup 2018,1,300,Team L,Team E,Player 31,8,41,100.08585951689373,28.35499005250934,0,0.039290898778211326,,Right Foot,Open Play,Normal,From Throw In,False,False,False,1.0,3.0,0.23913390873589996,1.7300410730343805,20.13681130954438
13,FIFA World Cup 2018,2,301,Team L,Team E,Player 340,81,50,117.44688106760805,28.622064528969318,0,0.06028810321717523,,Head,Open Play,Normal,Regular Play,False,False,True,2.0,0.0,2.2146897011885622,4.091354884044021,4.798878280525129
13,FIFA World Cup 2018,2,302,Team E,Team L,Player 353,55,29,113.48770390803274,11.318979180246679,0,0.00513298796646005,,Left Foot,Open Play,Normal,Regular Play,False,False,True,5.0,4.0,1.9564462843023973,2.3333058247538796,28.350372439487547
13,FIFA World Cup 2018,1,303,Team L,Team E,Player 129,31,42,108.0,40.0,0,0.759510916949111,,Left Foot,Penalty,Normal,Regular Play,True,False,True,0.0,1.0,1.194949820182695,1.7543480703429868,9.307394951813373
13,FIFA World Cup 2018,1,304,Team E,Team L,Player 394,27,19,110.25304554271793,32.72213168289799,0,0.23597834660452122,,Left Foot,Open Play,Normal,From Corner,False,False,False,0.0,1.0,2.2794887569147515,1.7045773334359535,10.270379237864477
13,FIFA World Cup 2018,1,305,Team L,Team E,Player 195,12,56,109.2044205420472,38.11864666220495,0,0.25189863092843656,,Left Foot,Open Play,Normal,From Free Kick,True,True,True,1.0,2.0,1.5478059545524716,2.7893676304000263,7.767477505645225
13,FIFA World Cup 2018,2,306,Team E,Team L,Player 237,51,26,97.63789644350847,40.13580003168754,0,0.07493385584242665,,Left Foot,Open Play,Normal,Regular Play,False,False,False,0.0,0.0,0.8136306595012853,3.857664114349972,18.386045718401768
13,FIFA World Cup 2018,1,307,Team L,Team E,Player 295,10,28,60.0,38.68962462912036,0,0.000346636785709739,,Right Foot,Free Kick,Normal,From Free Kick,False,False,False,3.0,4.0,1.4784828848188167,2.624148597872437,56.55135501581465
14,UEFA Euro 2020,2,308,Team C,Team R,Player 40,68,27,87.89223930415096,37.38187104832133,0,0.005885432848829959,,Left Foot,Open Play,Normal,From Free Kick,True,False,False,5.0,0.0,2.9110033394616237,4.613082863353129,30.523884465195245
14,UEFA Euro 2020,2,309,Team R,Team C,Player 28,83,19,116.42666371885633,41.129587480499126,0,0.8612065792912578,,Left Foot,Open Play,Normal,Regular Play,False,True,False,1.0,1.0,1.912519299745791,0.556318367425912,0.4377595193325763
14,UEFA Euro 2020,2,310,Team C,Team R,Player 26,55,58,109.9085883483866,46.844846230972266,0,0.28394223843657773,,Right Foot,Free Kick,Normal,From Counter,False,False,True,0.0,1.0,1.1464567872361107,1.80445603878853,12.723358225450559
14,UEFA Euro 2020,1,311,Team C,Team R,Player 75,43,14,113.90558436864092,60.31083836002584,0,0.04091922826098425,,Right Foot,Open Play,Normal,Regular Play,True,True,False,1.0,1.0,8.646684235415004,2.6515373646850833,17.56291955051679
14,UEFA Euro 2020,2,312,Team C,Team R,Player 52,88,27,108.37064824577499,30.157706138950907,0,0.1026045463458879,,Left Foot,Open Play,Normal,From Corner,True,False,True,1.0,0.0,2.2085975128943933,2.9623791417681895,12.257836592440295
14,UEFA Euro 2020,1,313,Team C,Team R,Player 379,33,36,114.8977879802783,51.92103858668112,0,0.09967589729205611,,Left Foot,Open Play,Normal,Regular Play,False,False,False,2.0,1.0,4.374747435971115,1.2972306800192823,11.197636053032506
14,UEFA Euro 2020,2,314,Team R,Team C,Player 329,71,43,82.13916443672642,39.604234341893545,0,0.0035049364702876857,,Head,Open Play,Normal,From Free Kick,False,True,False,4.0,1.0,2.708013627066157,4.346158376834229,34.02767867504296
14,UEFA Euro 2020,1,315,Team C,Team R,Player 80,10,54,90.39133314778607,41.84416611199372,1,0.02761846136037124,,Left Foot,Free Kick,Normal,Regular Play,False,True,False,1.0,2.0,1.7985913731422427,2.473949848134757,26.195585783675057
14,UEFA Euro 2020,2,316,Team R,Team C,Player 38,61,5,92.44468944478827,36.96126776264606,0,0.032861094972822816,,Right Foot,Open Play,Normal,From Throw In,False,False,True,0.0,2.0,2.6419289176556133,0.41321532736010713,26.000302211268778
14,UEFA Euro 2020,1,317,Team C,Team R,Player 316,6,48,109.68101290918686,36.243348041804595,0,0.2074647655576557,,Other,Open Play,Normal,From Corner,False,False,True,3.0,0.0,2.256227094362375,0.13275493096739766,10.787652225594117
14,UEFA Euro 2020,2,318,Team R,Team C,Player 142,45,33,89.91441394447932,48.339718879520575,0,0.021163073492721063,,Left Foot,Open Play,Normal,Regular Play,False,True,True,1.0,3.0,0.5674135359758218,1.4404337126632307,30.40128134701215
14,UEFA Euro 2020,2,319,Team C,Team R,Player 172,45,9,101.62202508432692,52.09286916516421,0,0.04874464503842513,,Right Foot,Open Play,Normal,Regular Play,True,True,False,1.0,2.0,0.7919052390416356,2.2188571572071623,19.30354782926417
14,UEFA Euro 2020,1,320,Team C,Team R,Player 58,14,45,111.32331831305864,39.66530118607093,1,0.2934661057797369,,Head,Open Play,Normal,From Corner,False,False,True,1.0,0.0,2.4518043110914474,2.216480265962798,5.786862343115332
14,UEFA Euro 2020,2,321,Team C,Team R,Player 35,55,31,111.44732852514232,46.50158823206722,0,0.20362771327917653,,Right Foot,Open Play,Normal,From Goal Kick,True,False,False,1.0,0.0,1.5991887531241809,3.2027267701717372,4.900873844778418
14,UEFA Euro 2020,1,322,Team R,Team C,Player 10,43,49,106.36950257646596,38.441100949017844,0,0.0947722809273066,,Head,Open Play,Normal,Regular Play,True,False,False,1.0,0.0,5.288876901526994,1.8709805124939969,11.495301752096504
14,UEFA Euro 2020,2,323,Team C,Team R,Player 38,45,27,110.38387890926954,42.45189079304222,0,0.3164202753314402,,Left Foot,Open Play,Normal,From Goal Kick,False,False,True,1.0,1.0,2.450712215126669,3.1992957287897186,6.84678693548939
14,UEFA Euro 2020,2,324,Team R,Team C,Player 110,69,46,115.19704127764759,66.51226759837401,0,0.02832210135076258,,Left Foot,Open Play,Normal,From Counter,False,False,False,1.0,0.0,1.7441731322733824,0.8967258939335132,26.16354215722965
14,UEFA Euro 2020,2,325,Team R,Team C,Player 392,50,56,108.0,40.0,1,0.759510916949111,,Right Foot,Penalty,Normal,From Free Kick,True,True,True,0.0,1.0,2.5112877794944524,0.5068097331915735,12.72229944810562
14,UEFA Euro 2020,2,326,Team C,Team R,Player 204,47,59,91.10276248041257,37.6288028787116,0,0.015863280600981515,,Head,Open Play,Normal,From Counter,False,False,False,2.0,0.0,4.129496050727183,1.4069113429600522,27.329170919268044
14,UEFA Euro 2020,2,327,Team C,Team R,Player 148,69,5,112.72436815318096,66.78242824008095,0,0.015519334987319746,,Right Foot,Open Play,Normal,Regular Play,False,False,True,2.0,1.0,0.8691468321138401,4.684759116646864,22.695937552653504
14,UEFA Euro 2020,1,328,Team C,Team R,Player 386,31,3,115.18735008863013,34.876771907541006,1,0.5690691873573946,,Left Foot,Open Play,Normal,From Counter,False,False,True,0.0,0.0,2.3315025037782315,2.0875255941545743,6.1436684785987286
14,UEFA Euro 2020,2,329,Team R,Team C,Player 208,62,56,113.5711138582926,27.390690036984644,0,0.11745804165889365,,Right Foot,Open Play,Normal,Regular Play,False,False,False,1.0,0.0,3.267005985152152,3.8321849390592124,10.001065025394235
14,UEFA Euro 2020,1,330,Team C,Team R,Player 235,34,25,110.57556229672122,46.55322697382888,0,0.09721196835604307,,Head,Open Play,Normal,From Corner,False,False,True,2.0,3.0,2.9818294389825435,3.292807495602701,8.16287175000034
14,UEFA Euro 2020,2,331,Team C,Team R,Player 384,48,22,101.7222137930624,45.37801012933585,0,0.03870498998541905,,Right Foot,Open Play,Normal,From Goal Kick,True,False,False,4.0,0.0,2.248217517776199,0.8219297071719975,19.00791861353322
14,UEFA Euro 2020,2,332,Team R,Team C,Player 267,74,5,95.49312109661516,38.95710584671013,0,0.032922737924687265,,Left Foot,Open Play,Normal,From Goal Kick,True,False,False,1.0,1.0,1.3497214407067373,1.7526149961726105,23.893057234314828
14,UEFA Euro 2020,2,333,Team R,Team C,Player 155,54,45,111.79688168359647,36.16665314170414,1,0.33918253251355845,,Left Foot,Open Play,Normal,Regular Play,True,False,False,0.0,1.0,1.6074040651410342,1.5892181632082805,8.632278588436469
15,FIFA World Cup 2022,2,334,Team W,Team H,Player 102,57,0,107.47000241348178,39.39469236970674,1,0.16487295922483425,,Right Foot,Open Play,Normal,From Throw In,False,False,False,1.0,4.0,1.9312873583552796,3.604497398008734,7.232716497768321
15,FIFA World Cup 2022,2,335,Team H,Team W,Player 324,50,0,90.97226135051156,59.51600445854146,0,0.006437091805131811,,Right Foot,Open Play,Normal,From Goal Kick,True,True,True,4.0,0.0,1.8288414987636885,2.478966102061387,30.560418435398937
15,FIFA World Cup 2022,1,336,Team H,Team W,Player 213,21,22,75.13257729616683,39.88049878631985,0,0.003182706785717552,,Right Foot,Open Play,Normal,From Corner,False,False,False,1.0,3.0,5.1168881017857135,2.336560349459226,40.712545353177966
15,FIFA World Cup 2022,1,337,Team H,Team W,Player 37,41,39,106.75795847308464,37.46113547963182,0,0.23561934268766932,,Left Foot,Open Play,Normal,Regular Play,True,True,True,0.0,0.0,4.630619162046813,2.050621732617018,9.360161489903536
15,FIFA World Cup 2022,1,338,Team H,Team W,Player 214,20,50,110.9219325996104,28.63154915393553,0,0.07070185742779948,,Right Foot,Open Play,Normal,From Goal Kick,True,False,False,2.0,2.0,3.668292561236639,3.3220587563806165,14.433501212903671
15,FIFA World Cup 2022,2,339,Team W,Team H,Player 372,73,57,110.58835969769582,55.443516589050134,0,0.09771143774544427,,Right Foot,Open Play,Normal,Regular Play,True,True,False,0.0,0.0,1.2151025097703112,0.8182586227309845,18.486680735086434
15,FIFA World Cup 2022,2,340,Team H,Team W,Player 389,56,27,113.23837355122784,37.882207735244165,1,0.4602024974024978,,Right Foot,Open Play,Normal,From Corner,True,False,True,0.0,2.0,5.830194008360317,4.55187910711286,5.309924353205947
15,FIFA World Cup 2022,2,341,Team W,Team H,Player 12,63,59,110.62639924483672,32.07617158904716,0,0.1870390385475743,,Right Foot,Open Play,Normal,Regular Play,False,True,True,2.0,2.0,2.7322360173675184,1.0976381368127537,10.743454690999748
15,FIFA World Cup 2022,2,342,Team H,Team W,Player 56,55,0,80.63101324650455,57.70594162734797,0,0.002365221360684179,,Right Foot,Open Play,Normal,Regular Play,False,False,False,4.0,1.0,2.3957121984249246,3.798905741940338,38.903270958410964
15,FIFA World Cup 2022,1,343,Team W,Team H,Player 27,11,29,114.18179334890083,37.71395592407586,1,0.6502675385521395,,Right Foot,Corner,Normal,From Corner,True,True,True,0.0,0.0,1.3995292625140086,2.028042463573425,4.450981737937698
15,FIFA World Cup 2022,2,344,Team W,Team H,Player 391,76,47,108.0,40.0,1,0.759510916949111,,Right Foot,Penalty,Normal,From Throw In,False,False,True,1.0,2.0,1.890664093095515,2.283459967447401,12.237000691520102
15,FIFA World Cup 2022,2,345,Team H,Team W,Player 39,63,13,102.2225173763922,52.079630774065215,0,0.05825336330460291,,Left Foot,Open Play,Normal,Regular Play,True,True,True,1.0,1.0,2.864179989579451,3.1228848555061752,21.01160712024344
15,FIFA World Cup 2022,1,346,Team H,Team W,Player 196,18,49,66.76943869323222,56.45098416721909,0,0.0002093659566303789,,Left Foot,Open Play,Normal,Regular Play,False,False,True,7.0,5.0,1.0423361573527938,3.9729415561703867,53.3004718668367
15,FIFA World Cup 2022,2,347,Team H,Team W,Player 191,52,44,113.03958265771769,49.21638683754951,0,0.1861004383462615,,Left Foot,Open Play,Normal,From Throw In,True,False,False,0.0,0.0,0.677054880580608,2.2951670245373563,9.82387134026317
15,FIFA World Cup 2022,2,348,Team W,Team H,Player 160,68,38,109.4477022551128,44.60294305883414,0,0.11601342931204263,,Head,Open Play,Normal,From Free Kick,True,False,True,1.0,1.0,2.7026331379889132,2.067834323707584,7.330629673099839
15,FIFA World Cup 2022,1,349,Team W,Team H,Player 10,43,27,108.36161821138016,35.693143228690296,0,0.2994182065539766,,Right Foot,Open Play,Normal,Regular Play,False,True,True,1.0,0.0,10.433896756303241,1.830433589744569,15.520059330389056
15,FIFA World Cup 2022,1,350,Team H,Team W,Player 267,31,54,97.87068286983946,35.162245655616516,0,0.047757784835089974,,Left Foot,Open Play,Normal,Regular Play,False,False,True,1.0,2.0,2.7378219561306536,2.6646845547611497,18.110400753969454
15,FIFA World Cup 2022,2,351,Team W,Team H,Player 107,52,8,107.67645604495581,47.294236191723044,0,0.24654557533851135,,Left Foot,Open Play,Normal,Regular Play,False,True,True,0.0,0.0,6.3844921815658795,3.033272084293205,11.125939172174434
15,FIFA World Cup 2022,1,352,Team W,Team H,Player 171,26,25,111.37790371491386,42.246430181837994,0,0.21435118079960375,,Head,Open Play,Normal,Regular Play,True,True,False,2.0,1.0,5.417305145537031,2.274228777834284,5.117665594377292
15,FIFA World Cup 2022,1,353,Team W,Team H,Player 182,33,23,107.20134104205015,31.03533762667377,0,0.20377557545605657,,Right Foot,Open Play,Normal,From Free Kick,False,True,True,0.0,0.0,1.66005681441373,0.7250409350298856,12.555220747611425
15,FIFA World Cup 2022,1,354,Team H,Team W,Player 283,30,27,106.72816390995487,39.27898804038742,0,0.19225901411283042,,Right Foot,Corner,Normal,Regular Play,False,True,False,2.0,2.0,1.3102060587497246,3.9045965121121062,11.886723527116832
15,FIFA World Cup 2022,1,355,Team W,Team H,Player 155,9,52,114.45789719188633,14.241376550579098,0,0.01804414478387236,,Left Foot,Open Play,Normal,Regular Play,False,True,False,4.0,0.0,1.8228017806203802,1.6367154163756297,26.798519397625093
15,FIFA World Cup 2022,2,356,Team H,Team W,Player 340,78,6,111.22925621554991,44.632969920306486,0,0.3655624183970448,,Left Foot,Open Play,Normal,Regular Play,False,False,True,0.0,0.0,3.7712142939039457,3.0522696078475464,5.341782368654823
15,FIFA World Cup 2022,2,357,Team W,Team H,Player 147,62,54,94.48284230478913,35.07838941391355,0,0.019227385280551457,,Head,Open Play,Normal,Regular Play,True,True,False,1.0,2.0,2.0012531808221774,1.4711850969349907,24.921707902268558
15,FIFA World Cup 2022,2,358,Team H,Team W,Player 229,48,11,112.5542646492121,33.41291019997537,0,0.17745316651078405,,Left Foot,Free Kick,Normal,Regular Play,True,True,True,3.0,2.0,2.3675903836905716,1.920123150441447,7.9974723196149435
15,FIFA World Cup 2022,1,359,Team W,Team H,Player 229,42,46,89.66984047605541,54.509432695067545,0,0.0058296811107259915,,Left Foot,Open Play,Normal,Regular Play,True,False,False,4.0,0.0,6.939520746989824,1.918002306050958,30.154578374736346
15,FIFA World Cup 2022,2,360,Team H,Team W,Player 361,74,18,102.22618302603975,54.1544260435276,0,0.0386013374752572,,Right Foot,Open Play,Normal,Regular Play,True,False,True,1.0,0.0,0.9187740298589357,2.06677787832845,18.640366391836913
15,FIFA World Cup 2022,2,361,Team W,Team H,Player 264,51,38,93.25525393358959,40.87009802600404,0,0.020129176731273592,,Left Foot,Open Play,Normal,Regular Play,True,False,False,1.0,3.0,0.3217035736683966,2.1921693311888797,24.46258707360365
